timestamp,vehicles_count,day_of_week,is_weekend,hour,weather_HeavyRain,weather_Rain,lag_1,lag_2,lag_3,lag_24,lag_168
2025-10-08 00:00:00,408,4,0,0,0,0,314.0,375.0,340.0,411.0,377.0
2025-10-08 01:00:00,391,4,0,1,0,0,408.0,314.0,375.0,397.0,404.0
2025-10-08 02:00:00,380,4,0,2,0,0,391.0,408.0,314.0,352.0,369.0
2025-10-08 03:00:00,346,4,0,3,0,0,380.0,391.0,408.0,337.0,342.0
2025-10-08 04:00:00,319,4,0,4,0,0,346.0,380.0,391.0,308.0,325.0
2025-10-08 05:00:00,274,4,0,5,0,1,319.0,346.0,380.0,315.0,309.0
2025-10-08 06:00:00,235,4,0,6,1,0,274.0,319.0,346.0,279.0,244.0
2025-10-08 07:00:00,286,4,0,7,0,0,235.0,274.0,319.0,296.0,321.0
2025-10-08 08:00:00,336,4,0,8,0,0,286.0,235.0,274.0,316.0,321.0
2025-10-08 09:00:00,340,4,0,9,0,0,336.0,286.0,235.0,336.0,353.0
2025-10-08 10:00:00,352,4,0,10,0,0,340.0,336.0,286.0,363.0,362.0
2025-10-08 11:00:00,364,4,0,11,0,1,352.0,340.0,336.0,407.0,399.0
2025-10-08 12:00:00,391,4,0,12,0,0,364.0,352.0,340.0,370.0,402.0
2025-10-08 13:00:00,402,4,0,13,0,0,391.0,364.0,352.0,407.0,390.0
2025-10-08 14:00:00,379,4,0,14,0,0,402.0,391.0,364.0,407.0,378.0
2025-10-08 15:00:00,357,4,0,15,0,0,379.0,402.0,391.0,319.0,353.0
2025-10-08 16:00:00,329,4,0,16,0,0,357.0,379.0,402.0,327.0,330.0
2025-10-08 17:00:00,268,4,0,17,0,1,329.0,357.0,379.0,315.0,311.0
2025-10-08 18:00:00,267,4,0,18,0,1,268.0,329.0,357.0,318.0,290.0
2025-10-08 19:00:00,294,4,0,19,0,1,267.0,268.0,329.0,256.0,291.0
2025-10-08 20:00:00,290,4,0,20,0,0,294.0,267.0,268.0,318.0,326.0
2025-10-08 21:00:00,343,4,0,21,0,0,290.0,294.0,267.0,340.0,287.0
2025-10-08 22:00:00,337,4,0,22,0,1,343.0,290.0,294.0,375.0,361.0
2025-10-08 23:00:00,377,4,0,23,0,0,337.0,343.0,290.0,314.0,370.0
2025-10-09 00:00:00,224,5,1,0,0,1,377.0,337.0,343.0,408.0,207.0
2025-10-09 01:00:00,290,5,1,1,0,0,224.0,377.0,337.0,391.0,256.0
2025-10-09 02:00:00,223,5,1,2,0,1,290.0,224.0,377.0,380.0,261.0
2025-10-09 03:00:00,261,5,1,3,0,0,223.0,290.0,224.0,346.0,216.0
2025-10-09 04:00:00,203,5,1,4,0,1,261.0,223.0,290.0,319.0,249.0
2025-10-09 05:00:00,205,5,1,5,0,0,203.0,261.0,223.0,274.0,173.0
2025-10-09 06:00:00,203,5,1,6,0,0,205.0,203.0,261.0,235.0,215.0
2025-10-09 07:00:00,208,5,1,7,0,0,203.0,205.0,203.0,286.0,219.0
2025-10-09 08:00:00,183,5,1,8,1,0,208.0,203.0,205.0,336.0,201.0
2025-10-09 09:00:00,233,5,1,9,0,0,183.0,208.0,203.0,340.0,203.0
2025-10-09 10:00:00,248,5,1,10,0,0,233.0,183.0,208.0,352.0,250.0
2025-10-09 11:00:00,210,5,1,11,1,0,248.0,233.0,183.0,364.0,249.0
2025-10-09 12:00:00,283,5,1,12,0,0,210.0,248.0,233.0,391.0,276.0
2025-10-09 13:00:00,247,5,1,13,0,1,283.0,210.0,248.0,402.0,224.0
2025-10-09 14:00:00,241,5,1,14,0,0,247.0,283.0,210.0,379.0,249.0
2025-10-09 15:00:00,228,5,1,15,0,0,241.0,247.0,283.0,357.0,224.0
2025-10-09 16:00:00,178,5,1,16,1,0,228.0,241.0,247.0,329.0,205.0
2025-10-09 17:00:00,176,5,1,17,0,1,178.0,228.0,241.0,268.0,200.0
2025-10-09 18:00:00,193,5,1,18,0,0,176.0,178.0,228.0,267.0,199.0
2025-10-09 19:00:00,189,5,1,19,0,0,193.0,176.0,178.0,294.0,184.0
2025-10-09 20:00:00,187,5,1,20,0,1,189.0,193.0,176.0,290.0,225.0
2025-10-09 21:00:00,233,5,1,21,0,0,187.0,189.0,193.0,343.0,186.0
2025-10-09 22:00:00,258,5,1,22,0,0,233.0,187.0,189.0,337.0,203.0
2025-10-09 23:00:00,260,5,1,23,0,0,258.0,233.0,187.0,377.0,259.0
2025-10-10 00:00:00,292,6,1,0,0,0,260.0,258.0,233.0,224.0,257.0
2025-10-10 01:00:00,263,6,1,1,0,0,292.0,260.0,258.0,290.0,256.0
2025-10-10 02:00:00,266,6,1,2,0,1,263.0,292.0,260.0,223.0,254.0
2025-10-10 03:00:00,201,6,1,3,1,0,266.0,263.0,292.0,261.0,227.0
2025-10-10 04:00:00,224,6,1,4,0,0,201.0,266.0,263.0,203.0,208.0
2025-10-10 05:00:00,178,6,1,5,0,1,224.0,201.0,266.0,205.0,196.0
2025-10-10 06:00:00,163,6,1,6,0,0,178.0,224.0,201.0,203.0,209.0
2025-10-10 07:00:00,198,6,1,7,0,0,163.0,178.0,224.0,208.0,179.0
2025-10-10 08:00:00,213,6,1,8,0,0,198.0,163.0,178.0,183.0,179.0
2025-10-10 09:00:00,228,6,1,9,0,1,213.0,198.0,163.0,233.0,222.0
2025-10-10 10:00:00,180,6,1,10,1,0,228.0,213.0,198.0,248.0,240.0
2025-10-10 11:00:00,283,6,1,11,0,0,180.0,228.0,213.0,210.0,246.0
2025-10-10 12:00:00,264,6,1,12,0,0,283.0,180.0,228.0,283.0,274.0
2025-10-10 13:00:00,273,6,1,13,0,0,264.0,283.0,180.0,247.0,275.0
2025-10-10 14:00:00,222,6,1,14,0,0,273.0,264.0,283.0,241.0,278.0
2025-10-10 15:00:00,190,6,1,15,1,0,222.0,273.0,264.0,228.0,228.0
2025-10-10 16:00:00,214,6,1,16,0,0,190.0,222.0,273.0,178.0,221.0
2025-10-10 17:00:00,212,6,1,17,0,0,214.0,190.0,222.0,176.0,201.0
2025-10-10 18:00:00,179,6,1,18,0,1,212.0,214.0,190.0,193.0,202.0
2025-10-10 19:00:00,166,6,1,19,0,1,179.0,212.0,214.0,189.0,180.0
2025-10-10 20:00:00,223,6,1,20,0,0,166.0,179.0,212.0,187.0,229.0
2025-10-10 21:00:00,236,6,1,21,0,0,223.0,166.0,179.0,233.0,239.0
2025-10-10 22:00:00,253,6,1,22,0,0,236.0,223.0,166.0,258.0,236.0
2025-10-10 23:00:00,272,6,1,23,0,0,253.0,236.0,223.0,260.0,252.0
2025-10-11 00:00:00,413,0,0,0,0,0,272.0,253.0,236.0,292.0,416.0
2025-10-11 01:00:00,396,0,0,1,0,0,413.0,272.0,253.0,263.0,400.0
2025-10-11 02:00:00,363,0,0,2,0,0,396.0,413.0,272.0,266.0,338.0
2025-10-11 03:00:00,337,0,0,3,0,0,363.0,396.0,413.0,201.0,368.0
2025-10-11 04:00:00,311,0,0,4,0,1,337.0,363.0,396.0,224.0,323.0
2025-10-11 05:00:00,315,0,0,5,0,0,311.0,337.0,363.0,178.0,303.0
2025-10-11 06:00:00,268,0,0,6,0,1,315.0,311.0,337.0,163.0,291.0
2025-10-11 07:00:00,295,0,0,7,0,0,268.0,315.0,311.0,198.0,246.0
2025-10-11 08:00:00,317,0,0,8,0,0,295.0,268.0,315.0,213.0,296.0
2025-10-11 09:00:00,342,0,0,9,0,0,317.0,295.0,268.0,228.0,327.0
2025-10-11 10:00:00,365,0,0,10,0,0,342.0,317.0,295.0,180.0,362.0
2025-10-11 11:00:00,382,0,0,11,0,0,365.0,342.0,317.0,283.0,342.0
2025-10-11 12:00:00,426,0,0,12,0,0,382.0,365.0,342.0,264.0,329.0
2025-10-11 13:00:00,399,0,0,13,0,0,426.0,382.0,365.0,273.0,395.0
2025-10-11 14:00:00,372,0,0,14,0,0,399.0,426.0,382.0,222.0,379.0
2025-10-11 15:00:00,338,0,0,15,0,0,372.0,399.0,426.0,190.0,334.0
2025-10-11 16:00:00,286,0,0,16,0,1,338.0,372.0,399.0,214.0,326.0
2025-10-11 17:00:00,315,0,0,17,0,0,286.0,338.0,372.0,212.0,288.0
2025-10-11 18:00:00,305,0,0,18,0,0,315.0,286.0,338.0,179.0,270.0
2025-10-11 19:00:00,297,0,0,19,0,0,305.0,315.0,286.0,166.0,304.0
2025-10-11 20:00:00,286,0,0,20,0,1,297.0,305.0,315.0,223.0,317.0
2025-10-11 21:00:00,338,0,0,21,0,0,286.0,297.0,305.0,236.0,367.0
2025-10-11 22:00:00,319,0,0,22,0,1,338.0,286.0,297.0,253.0,375.0
2025-10-11 23:00:00,367,0,0,23,0,1,319.0,338.0,286.0,272.0,319.0
2025-10-12 00:00:00,364,1,0,0,0,1,367.0,319.0,338.0,413.0,362.0
2025-10-12 01:00:00,386,1,0,1,0,1,364.0,367.0,319.0,396.0,394.0
2025-10-12 02:00:00,370,1,0,2,0,0,386.0,364.0,367.0,363.0,353.0
2025-10-12 03:00:00,352,1,0,3,0,0,370.0,386.0,364.0,337.0,332.0
2025-10-12 04:00:00,338,1,0,4,0,0,352.0,370.0,386.0,311.0,312.0
2025-10-12 05:00:00,303,1,0,5,0,0,338.0,352.0,370.0,315.0,319.0
2025-10-12 06:00:00,279,1,0,6,0,0,303.0,338.0,352.0,268.0,302.0
2025-10-12 07:00:00,259,1,0,7,0,1,279.0,303.0,338.0,295.0,312.0
2025-10-12 08:00:00,318,1,0,8,0,0,259.0,279.0,303.0,317.0,322.0
2025-10-12 09:00:00,346,1,0,9,0,0,318.0,259.0,279.0,342.0,327.0
2025-10-12 10:00:00,368,1,0,10,0,0,346.0,318.0,259.0,365.0,355.0
2025-10-12 11:00:00,402,1,0,11,0,0,368.0,346.0,318.0,382.0,412.0
2025-10-12 12:00:00,372,1,0,12,0,1,402.0,368.0,346.0,426.0,403.0
2025-10-12 13:00:00,400,1,0,13,0,0,372.0,402.0,368.0,399.0,379.0
2025-10-12 14:00:00,379,1,0,14,0,0,400.0,372.0,402.0,372.0,383.0
2025-10-12 15:00:00,351,1,0,15,0,0,379.0,400.0,372.0,338.0,350.0
2025-10-12 16:00:00,334,1,0,16,0,0,351.0,379.0,400.0,286.0,272.0
2025-10-12 17:00:00,317,1,0,17,0,0,334.0,351.0,379.0,315.0,279.0
2025-10-12 18:00:00,267,1,0,18,0,1,317.0,334.0,351.0,305.0,247.0
2025-10-12 19:00:00,305,1,0,19,0,0,267.0,317.0,334.0,297.0,303.0
2025-10-12 20:00:00,313,1,0,20,0,0,305.0,267.0,317.0,286.0,316.0
2025-10-12 21:00:00,291,1,0,21,0,1,313.0,305.0,267.0,338.0,305.0
2025-10-12 22:00:00,357,1,0,22,0,0,291.0,313.0,305.0,319.0,372.0
2025-10-12 23:00:00,399,1,0,23,0,0,357.0,291.0,313.0,367.0,397.0
2025-10-13 00:00:00,405,2,0,0,0,0,399.0,357.0,291.0,364.0,335.0
2025-10-13 01:00:00,415,2,0,1,0,0,405.0,399.0,357.0,386.0,313.0
2025-10-13 02:00:00,342,2,0,2,0,1,415.0,405.0,399.0,370.0,369.0
2025-10-13 03:00:00,294,2,0,3,1,0,342.0,415.0,405.0,352.0,339.0
2025-10-13 04:00:00,343,2,0,4,0,0,294.0,342.0,415.0,338.0,321.0
2025-10-13 05:00:00,318,2,0,5,0,0,343.0,294.0,342.0,303.0,305.0
2025-10-13 06:00:00,289,2,0,6,0,0,318.0,343.0,294.0,279.0,263.0
2025-10-13 07:00:00,238,2,0,7,1,0,289.0,318.0,343.0,259.0,283.0
2025-10-13 08:00:00,318,2,0,8,0,0,238.0,289.0,318.0,318.0,248.0
2025-10-13 09:00:00,330,2,0,9,0,0,318.0,238.0,289.0,346.0,366.0
2025-10-13 10:00:00,301,2,0,10,1,0,330.0,318.0,238.0,368.0,356.0
2025-10-13 11:00:00,402,2,0,11,0,0,301.0,330.0,318.0,402.0,370.0
2025-10-13 12:00:00,394,2,0,12,0,0,402.0,301.0,330.0,372.0,403.0
2025-10-13 13:00:00,380,2,0,13,0,1,394.0,402.0,301.0,400.0,403.0
2025-10-13 14:00:00,376,2,0,14,0,0,380.0,394.0,402.0,379.0,385.0
2025-10-13 15:00:00,352,2,0,15,0,0,376.0,380.0,394.0,351.0,341.0
2025-10-13 16:00:00,324,2,0,16,0,0,352.0,376.0,380.0,334.0,339.0
2025-10-13 17:00:00,298,2,0,17,0,0,324.0,352.0,376.0,317.0,297.0
2025-10-13 18:00:00,301,2,0,18,0,0,298.0,324.0,352.0,267.0,282.0
2025-10-13 19:00:00,300,2,0,19,0,0,301.0,298.0,324.0,305.0,293.0
2025-10-13 20:00:00,305,2,0,20,0,1,300.0,301.0,298.0,313.0,316.0
2025-10-13 21:00:00,349,2,0,21,0,0,305.0,300.0,301.0,291.0,351.0
2025-10-13 22:00:00,375,2,0,22,0,0,349.0,305.0,300.0,357.0,376.0
2025-10-13 23:00:00,387,2,0,23,0,0,375.0,349.0,305.0,399.0,390.0
2025-10-14 00:00:00,383,3,0,0,0,0,387.0,375.0,349.0,405.0,411.0
2025-10-14 01:00:00,395,3,0,1,0,0,383.0,387.0,375.0,415.0,397.0
2025-10-14 02:00:00,369,3,0,2,0,0,395.0,383.0,387.0,342.0,352.0
2025-10-14 03:00:00,365,3,0,3,0,0,369.0,395.0,383.0,294.0,337.0
2025-10-14 04:00:00,327,3,0,4,0,0,365.0,369.0,395.0,343.0,308.0
2025-10-14 05:00:00,326,3,0,5,0,0,327.0,365.0,369.0,318.0,315.0
2025-10-14 06:00:00,275,3,0,6,0,1,326.0,327.0,365.0,289.0,279.0
2025-10-14 07:00:00,310,3,0,7,0,0,275.0,326.0,327.0,238.0,296.0
2025-10-14 08:00:00,320,3,0,8,0,0,310.0,275.0,326.0,318.0,316.0
2025-10-14 09:00:00,310,3,0,9,0,1,320.0,310.0,275.0,330.0,336.0
2025-10-14 10:00:00,377,3,0,10,0,0,310.0,320.0,310.0,301.0,363.0
2025-10-14 11:00:00,323,3,0,11,1,0,377.0,310.0,320.0,402.0,407.0
2025-10-14 12:00:00,391,3,0,12,0,0,323.0,377.0,310.0,394.0,370.0
2025-10-14 13:00:00,362,3,0,13,0,1,391.0,323.0,377.0,380.0,407.0
2025-10-14 14:00:00,373,3,0,14,0,1,362.0,391.0,323.0,376.0,407.0
2025-10-14 15:00:00,353,3,0,15,0,0,373.0,362.0,391.0,352.0,319.0
2025-10-14 16:00:00,291,3,0,16,0,1,353.0,373.0,362.0,324.0,327.0
2025-10-14 17:00:00,236,3,0,17,1,0,291.0,353.0,373.0,298.0,315.0
2025-10-14 18:00:00,279,3,0,18,0,0,236.0,291.0,353.0,301.0,318.0
2025-10-14 19:00:00,314,3,0,19,0,0,279.0,236.0,291.0,300.0,256.0
2025-10-14 20:00:00,318,3,0,20,0,0,314.0,279.0,236.0,305.0,318.0
2025-10-14 21:00:00,311,3,0,21,0,1,318.0,314.0,279.0,349.0,340.0
2025-10-14 22:00:00,391,3,0,22,0,0,311.0,318.0,314.0,375.0,375.0
2025-10-14 23:00:00,420,3,0,23,0,0,391.0,311.0,318.0,387.0,314.0
2025-10-15 00:00:00,389,4,0,0,0,0,420.0,391.0,311.0,383.0,408.0
2025-10-15 01:00:00,369,4,0,1,0,1,389.0,420.0,391.0,395.0,391.0
2025-10-15 02:00:00,387,4,0,2,0,0,369.0,389.0,420.0,369.0,380.0
2025-10-15 03:00:00,323,4,0,3,0,1,387.0,369.0,389.0,365.0,346.0
2025-10-15 04:00:00,333,4,0,4,0,0,323.0,387.0,369.0,327.0,319.0
2025-10-15 05:00:00,306,4,0,5,0,0,333.0,323.0,387.0,326.0,274.0
2025-10-15 06:00:00,315,4,0,6,0,0,306.0,333.0,323.0,275.0,235.0
2025-10-15 07:00:00,307,4,0,7,0,0,315.0,306.0,333.0,310.0,286.0
2025-10-15 08:00:00,289,4,0,8,0,1,307.0,315.0,306.0,320.0,336.0
2025-10-15 09:00:00,357,4,0,9,0,0,289.0,307.0,315.0,310.0,340.0
2025-10-15 10:00:00,380,4,0,10,0,0,357.0,289.0,307.0,377.0,352.0
2025-10-15 11:00:00,396,4,0,11,0,0,380.0,357.0,289.0,323.0,364.0
2025-10-15 12:00:00,404,4,0,12,0,0,396.0,380.0,357.0,391.0,391.0
2025-10-15 13:00:00,417,4,0,13,0,0,404.0,396.0,380.0,362.0,402.0
2025-10-15 14:00:00,385,4,0,14,0,0,417.0,404.0,396.0,373.0,379.0
2025-10-15 15:00:00,318,4,0,15,0,1,385.0,417.0,404.0,353.0,357.0
2025-10-15 16:00:00,284,4,0,16,0,1,318.0,385.0,417.0,291.0,329.0
2025-10-15 17:00:00,302,4,0,17,0,0,284.0,318.0,385.0,236.0,268.0
2025-10-15 18:00:00,254,4,0,18,0,1,302.0,284.0,318.0,279.0,267.0
2025-10-15 19:00:00,271,4,0,19,0,1,254.0,302.0,284.0,314.0,294.0
2025-10-15 20:00:00,320,4,0,20,0,0,271.0,254.0,302.0,318.0,290.0
2025-10-15 21:00:00,317,4,0,21,0,0,320.0,271.0,254.0,311.0,343.0
2025-10-15 22:00:00,332,4,0,22,0,1,317.0,320.0,271.0,391.0,337.0
2025-10-15 23:00:00,398,4,0,23,0,0,332.0,317.0,320.0,420.0,377.0
2025-10-16 00:00:00,269,5,1,0,0,0,398.0,332.0,317.0,389.0,224.0
2025-10-16 01:00:00,253,5,1,1,0,0,269.0,398.0,332.0,369.0,290.0
2025-10-16 02:00:00,268,5,1,2,0,0,253.0,269.0,398.0,387.0,223.0
2025-10-16 03:00:00,228,5,1,3,0,0,268.0,253.0,269.0,323.0,261.0
2025-10-16 04:00:00,203,5,1,4,0,0,228.0,268.0,253.0,333.0,203.0
2025-10-16 05:00:00,191,5,1,5,0,0,203.0,228.0,268.0,306.0,205.0
2025-10-16 06:00:00,197,5,1,6,0,0,191.0,203.0,228.0,315.0,203.0
2025-10-16 07:00:00,212,5,1,7,0,0,197.0,191.0,203.0,307.0,208.0
2025-10-16 08:00:00,225,5,1,8,0,0,212.0,197.0,191.0,289.0,183.0
2025-10-16 09:00:00,208,5,1,9,0,1,225.0,212.0,197.0,357.0,233.0
2025-10-16 10:00:00,207,5,1,10,0,1,208.0,225.0,212.0,380.0,248.0
2025-10-16 11:00:00,200,5,1,11,1,0,207.0,208.0,225.0,396.0,210.0
2025-10-16 12:00:00,256,5,1,12,0,0,200.0,207.0,208.0,404.0,283.0
2025-10-16 13:00:00,262,5,1,13,0,0,256.0,200.0,207.0,417.0,247.0
2025-10-16 14:00:00,232,5,1,14,0,0,262.0,256.0,200.0,385.0,241.0
2025-10-16 15:00:00,237,5,1,15,0,0,232.0,262.0,256.0,318.0,228.0
2025-10-16 16:00:00,226,5,1,16,0,0,237.0,232.0,262.0,284.0,178.0
2025-10-16 17:00:00,202,5,1,17,0,0,226.0,237.0,232.0,302.0,176.0
2025-10-16 18:00:00,203,5,1,18,0,0,202.0,226.0,237.0,254.0,193.0
2025-10-16 19:00:00,189,5,1,19,0,0,203.0,202.0,226.0,271.0,189.0
2025-10-16 20:00:00,173,5,1,20,0,1,189.0,203.0,202.0,320.0,187.0
2025-10-16 21:00:00,220,5,1,21,0,0,173.0,189.0,203.0,317.0,233.0
2025-10-16 22:00:00,260,5,1,22,0,0,220.0,173.0,189.0,332.0,258.0
2025-10-16 23:00:00,246,5,1,23,0,1,260.0,220.0,173.0,398.0,260.0
2025-10-17 00:00:00,261,6,1,0,0,0,246.0,260.0,220.0,269.0,292.0
2025-10-17 01:00:00,278,6,1,1,0,0,261.0,246.0,260.0,253.0,263.0
2025-10-17 02:00:00,249,6,1,2,0,0,278.0,261.0,246.0,268.0,266.0
2025-10-17 03:00:00,254,6,1,3,0,0,249.0,278.0,261.0,228.0,201.0
2025-10-17 04:00:00,224,6,1,4,0,0,254.0,249.0,278.0,203.0,224.0
2025-10-17 05:00:00,199,6,1,5,0,0,224.0,254.0,249.0,191.0,178.0
2025-10-17 06:00:00,207,6,1,6,0,0,199.0,224.0,254.0,197.0,163.0
2025-10-17 07:00:00,191,6,1,7,0,0,207.0,199.0,224.0,212.0,198.0
2025-10-17 08:00:00,200,6,1,8,0,0,191.0,207.0,199.0,225.0,213.0
2025-10-17 09:00:00,211,6,1,9,0,0,200.0,191.0,207.0,208.0,228.0
2025-10-17 10:00:00,249,6,1,10,0,0,211.0,200.0,191.0,207.0,180.0
2025-10-17 11:00:00,233,6,1,11,0,1,249.0,211.0,200.0,200.0,283.0
2025-10-17 12:00:00,212,6,1,12,1,0,233.0,249.0,211.0,256.0,264.0
2025-10-17 13:00:00,233,6,1,13,0,1,212.0,233.0,249.0,262.0,273.0
2025-10-17 14:00:00,270,6,1,14,0,0,233.0,212.0,233.0,232.0,222.0
2025-10-17 15:00:00,231,6,1,15,0,0,270.0,233.0,212.0,237.0,190.0
2025-10-17 16:00:00,209,6,1,16,0,0,231.0,270.0,233.0,226.0,214.0
2025-10-17 17:00:00,219,6,1,17,0,0,209.0,231.0,270.0,202.0,212.0
2025-10-17 18:00:00,195,6,1,18,0,1,219.0,209.0,231.0,203.0,179.0
2025-10-17 19:00:00,204,6,1,19,0,0,195.0,219.0,209.0,189.0,166.0
2025-10-17 20:00:00,169,6,1,20,0,1,204.0,195.0,219.0,173.0,223.0
2025-10-17 21:00:00,175,6,1,21,1,0,169.0,204.0,195.0,220.0,236.0
2025-10-17 22:00:00,253,6,1,22,0,0,175.0,169.0,204.0,260.0,253.0
2025-10-17 23:00:00,260,6,1,23,0,0,253.0,175.0,169.0,246.0,272.0
2025-10-18 00:00:00,419,0,0,0,0,0,260.0,253.0,175.0,261.0,413.0
2025-10-18 01:00:00,380,0,0,1,0,0,419.0,260.0,253.0,278.0,396.0
2025-10-18 02:00:00,387,0,0,2,0,0,380.0,419.0,260.0,249.0,363.0
2025-10-18 03:00:00,346,0,0,3,0,0,387.0,380.0,419.0,254.0,337.0
2025-10-18 04:00:00,343,0,0,4,0,0,346.0,387.0,380.0,224.0,311.0
2025-10-18 05:00:00,305,0,0,5,0,0,343.0,346.0,387.0,199.0,315.0
2025-10-18 06:00:00,308,0,0,6,0,0,305.0,343.0,346.0,207.0,268.0
2025-10-18 07:00:00,232,0,0,7,1,0,308.0,305.0,343.0,191.0,295.0
2025-10-18 08:00:00,300,0,0,8,0,0,232.0,308.0,305.0,200.0,317.0
2025-10-18 09:00:00,329,0,0,9,0,0,300.0,232.0,308.0,211.0,342.0
2025-10-18 10:00:00,362,0,0,10,0,0,329.0,300.0,232.0,249.0,365.0
2025-10-18 11:00:00,378,0,0,11,0,0,362.0,329.0,300.0,233.0,382.0
2025-10-18 12:00:00,414,0,0,12,0,0,378.0,362.0,329.0,212.0,426.0
2025-10-18 13:00:00,412,0,0,13,0,0,414.0,378.0,362.0,233.0,399.0
2025-10-18 14:00:00,345,0,0,14,0,1,412.0,414.0,378.0,270.0,372.0
2025-10-18 15:00:00,342,0,0,15,0,0,345.0,412.0,414.0,231.0,338.0
2025-10-18 16:00:00,293,0,0,16,0,1,342.0,345.0,412.0,209.0,286.0
2025-10-18 17:00:00,298,0,0,17,0,0,293.0,342.0,345.0,219.0,315.0
2025-10-18 18:00:00,313,0,0,18,0,0,298.0,293.0,342.0,195.0,305.0
2025-10-18 19:00:00,304,0,0,19,0,0,313.0,298.0,293.0,204.0,297.0
2025-10-18 20:00:00,323,0,0,20,0,0,304.0,313.0,298.0,169.0,286.0
2025-10-18 21:00:00,337,0,0,21,0,0,323.0,304.0,313.0,175.0,338.0
2025-10-18 22:00:00,345,0,0,22,0,0,337.0,323.0,304.0,253.0,319.0
2025-10-18 23:00:00,342,0,0,23,0,1,345.0,337.0,323.0,260.0,367.0
2025-10-19 00:00:00,387,1,0,0,0,0,342.0,345.0,337.0,419.0,364.0
2025-10-19 01:00:00,400,1,0,1,0,0,387.0,342.0,345.0,380.0,386.0
2025-10-19 02:00:00,380,1,0,2,0,0,400.0,387.0,342.0,387.0,370.0
2025-10-19 03:00:00,309,1,0,3,0,1,380.0,400.0,387.0,346.0,352.0
2025-10-19 04:00:00,323,1,0,4,0,0,309.0,380.0,400.0,343.0,338.0
2025-10-19 05:00:00,325,1,0,5,0,0,323.0,309.0,380.0,305.0,303.0
2025-10-19 06:00:00,285,1,0,6,0,0,325.0,323.0,309.0,308.0,279.0
2025-10-19 07:00:00,259,1,0,7,0,1,285.0,325.0,323.0,232.0,259.0
2025-10-19 08:00:00,314,1,0,8,0,0,259.0,285.0,325.0,300.0,318.0
2025-10-19 09:00:00,334,1,0,9,0,0,314.0,259.0,285.0,329.0,346.0
2025-10-19 10:00:00,327,1,0,10,0,1,334.0,314.0,259.0,362.0,368.0
2025-10-19 11:00:00,396,1,0,11,0,0,327.0,334.0,314.0,378.0,402.0
2025-10-19 12:00:00,381,1,0,12,0,1,396.0,327.0,334.0,414.0,372.0
2025-10-19 13:00:00,375,1,0,13,0,0,381.0,396.0,327.0,412.0,400.0
2025-10-19 14:00:00,379,1,0,14,0,0,375.0,381.0,396.0,345.0,379.0
2025-10-19 15:00:00,354,1,0,15,0,0,379.0,375.0,381.0,342.0,351.0
2025-10-19 16:00:00,326,1,0,16,0,0,354.0,379.0,375.0,293.0,334.0
2025-10-19 17:00:00,304,1,0,17,0,0,326.0,354.0,379.0,298.0,317.0
2025-10-19 18:00:00,292,1,0,18,0,0,304.0,326.0,354.0,313.0,267.0
2025-10-19 19:00:00,312,1,0,19,0,0,292.0,304.0,326.0,304.0,305.0
2025-10-19 20:00:00,311,1,0,20,0,0,312.0,292.0,304.0,323.0,313.0
2025-10-19 21:00:00,340,1,0,21,0,0,311.0,312.0,292.0,337.0,291.0
2025-10-19 22:00:00,369,1,0,22,0,0,340.0,311.0,312.0,345.0,357.0
2025-10-19 23:00:00,391,1,0,23,0,0,369.0,340.0,311.0,342.0,399.0
2025-10-20 00:00:00,398,2,0,0,0,0,391.0,369.0,340.0,387.0,405.0
2025-10-20 01:00:00,408,2,0,1,0,0,398.0,391.0,369.0,400.0,415.0
2025-10-20 02:00:00,379,2,0,2,0,0,408.0,398.0,391.0,380.0,342.0
2025-10-20 03:00:00,356,2,0,3,0,0,379.0,408.0,398.0,309.0,294.0
2025-10-20 04:00:00,327,2,0,4,0,0,356.0,379.0,408.0,323.0,343.0
2025-10-20 05:00:00,233,2,0,5,1,0,327.0,356.0,379.0,325.0,318.0
2025-10-20 06:00:00,286,2,0,6,0,0,233.0,327.0,356.0,285.0,289.0
2025-10-20 07:00:00,287,2,0,7,0,0,286.0,233.0,327.0,259.0,238.0
2025-10-20 08:00:00,319,2,0,8,0,0,287.0,286.0,233.0,314.0,318.0
2025-10-20 09:00:00,333,2,0,9,0,0,319.0,287.0,286.0,334.0,330.0
2025-10-20 10:00:00,356,2,0,10,0,0,333.0,319.0,287.0,327.0,301.0
2025-10-20 11:00:00,393,2,0,11,0,0,356.0,333.0,319.0,396.0,402.0
2025-10-20 12:00:00,406,2,0,12,0,0,393.0,356.0,333.0,381.0,394.0
2025-10-20 13:00:00,375,2,0,13,0,0,406.0,393.0,356.0,375.0,380.0
2025-10-20 14:00:00,362,2,0,14,0,1,375.0,406.0,393.0,379.0,376.0
2025-10-20 15:00:00,354,2,0,15,0,0,362.0,375.0,406.0,354.0,352.0
2025-10-20 16:00:00,326,2,0,16,0,0,354.0,362.0,375.0,326.0,324.0
2025-10-20 17:00:00,319,2,0,17,0,0,326.0,354.0,362.0,304.0,298.0
2025-10-20 18:00:00,297,2,0,18,0,0,319.0,326.0,354.0,292.0,301.0
2025-10-20 19:00:00,293,2,0,19,0,0,297.0,319.0,326.0,312.0,300.0
2025-10-20 20:00:00,343,2,0,20,0,0,293.0,297.0,319.0,311.0,305.0
2025-10-20 21:00:00,329,2,0,21,0,0,343.0,293.0,297.0,340.0,349.0
2025-10-20 22:00:00,368,2,0,22,0,0,329.0,343.0,293.0,369.0,375.0
2025-10-20 23:00:00,361,2,0,23,0,1,368.0,329.0,343.0,391.0,387.0
2025-10-21 00:00:00,387,3,0,0,0,0,361.0,368.0,329.0,398.0,383.0
2025-10-21 01:00:00,395,3,0,1,0,0,387.0,361.0,368.0,408.0,395.0
2025-10-21 02:00:00,384,3,0,2,0,0,395.0,387.0,361.0,379.0,369.0
2025-10-21 03:00:00,383,3,0,3,0,0,384.0,395.0,387.0,356.0,365.0
2025-10-21 04:00:00,317,3,0,4,0,0,383.0,384.0,395.0,327.0,327.0
2025-10-21 05:00:00,305,3,0,5,0,0,317.0,383.0,384.0,233.0,326.0
2025-10-21 06:00:00,304,3,0,6,0,0,305.0,317.0,383.0,286.0,275.0
2025-10-21 07:00:00,301,3,0,7,0,0,304.0,305.0,317.0,287.0,310.0
2025-10-21 08:00:00,302,3,0,8,0,0,301.0,304.0,305.0,319.0,320.0
2025-10-21 09:00:00,347,3,0,9,0,0,302.0,301.0,304.0,333.0,310.0
2025-10-21 10:00:00,370,3,0,10,0,0,347.0,302.0,301.0,356.0,377.0
2025-10-21 11:00:00,395,3,0,11,0,0,370.0,347.0,302.0,393.0,323.0
2025-10-21 12:00:00,414,3,0,12,0,0,395.0,370.0,347.0,406.0,391.0
2025-10-21 13:00:00,408,3,0,13,0,0,414.0,395.0,370.0,375.0,362.0
2025-10-21 14:00:00,384,3,0,14,0,0,408.0,414.0,395.0,362.0,373.0
2025-10-21 15:00:00,322,3,0,15,0,1,384.0,408.0,414.0,354.0,353.0
2025-10-21 16:00:00,314,3,0,16,0,0,322.0,384.0,408.0,326.0,291.0
2025-10-21 17:00:00,304,3,0,17,0,0,314.0,322.0,384.0,319.0,236.0
2025-10-21 18:00:00,299,3,0,18,0,0,304.0,314.0,322.0,297.0,279.0
2025-10-21 19:00:00,265,3,0,19,0,1,299.0,304.0,314.0,293.0,314.0
2025-10-21 20:00:00,318,3,0,20,0,0,265.0,299.0,304.0,343.0,318.0
2025-10-21 21:00:00,332,3,0,21,0,0,318.0,265.0,299.0,329.0,311.0
2025-10-21 22:00:00,387,3,0,22,0,0,332.0,318.0,265.0,368.0,391.0
2025-10-21 23:00:00,416,3,0,23,0,0,387.0,332.0,318.0,361.0,420.0
2025-10-22 00:00:00,395,4,0,0,0,0,416.0,387.0,332.0,387.0,389.0
2025-10-22 01:00:00,401,4,0,1,0,0,395.0,416.0,387.0,395.0,369.0
2025-10-22 02:00:00,376,4,0,2,0,0,401.0,395.0,416.0,384.0,387.0
2025-10-22 03:00:00,369,4,0,3,0,0,376.0,401.0,395.0,383.0,323.0
2025-10-22 04:00:00,332,4,0,4,0,0,369.0,376.0,401.0,317.0,333.0
2025-10-22 05:00:00,307,4,0,5,0,0,332.0,369.0,376.0,305.0,306.0
2025-10-22 06:00:00,293,4,0,6,0,0,307.0,332.0,369.0,304.0,315.0
2025-10-22 07:00:00,302,4,0,7,0,0,293.0,307.0,332.0,301.0,307.0
2025-10-22 08:00:00,273,4,0,8,0,1,302.0,293.0,307.0,302.0,289.0
2025-10-22 09:00:00,350,4,0,9,0,0,273.0,302.0,293.0,347.0,357.0
2025-10-22 10:00:00,360,4,0,10,0,0,350.0,273.0,302.0,370.0,380.0
2025-10-22 11:00:00,396,4,0,11,0,0,360.0,350.0,273.0,395.0,396.0
2025-10-22 12:00:00,362,4,0,12,0,1,396.0,360.0,350.0,414.0,404.0
2025-10-22 13:00:00,409,4,0,13,0,0,362.0,396.0,360.0,408.0,417.0
2025-10-22 14:00:00,379,4,0,14,0,0,409.0,362.0,396.0,384.0,385.0
2025-10-22 15:00:00,366,4,0,15,0,0,379.0,409.0,362.0,322.0,318.0
2025-10-22 16:00:00,316,4,0,16,0,0,366.0,379.0,409.0,314.0,284.0
2025-10-22 17:00:00,252,4,0,17,1,0,316.0,366.0,379.0,304.0,302.0
2025-10-22 18:00:00,293,4,0,18,0,0,252.0,316.0,366.0,299.0,254.0
2025-10-22 19:00:00,302,4,0,19,0,0,293.0,252.0,316.0,265.0,271.0
2025-10-22 20:00:00,318,4,0,20,0,0,302.0,293.0,252.0,318.0,320.0
2025-10-22 21:00:00,353,4,0,21,0,0,318.0,302.0,293.0,332.0,317.0
2025-10-22 22:00:00,271,4,0,22,1,0,353.0,318.0,302.0,387.0,332.0
2025-10-22 23:00:00,394,4,0,23,0,0,271.0,353.0,318.0,416.0,398.0
2025-10-23 00:00:00,249,5,1,0,0,0,394.0,271.0,353.0,395.0,269.0
2025-10-23 01:00:00,278,5,1,1,0,0,249.0,394.0,271.0,401.0,253.0
2025-10-23 02:00:00,229,5,1,2,0,0,278.0,249.0,394.0,376.0,268.0
2025-10-23 03:00:00,200,5,1,3,0,1,229.0,278.0,249.0,369.0,228.0
2025-10-23 04:00:00,198,5,1,4,0,0,200.0,229.0,278.0,332.0,203.0
2025-10-23 05:00:00,224,5,1,5,0,0,198.0,200.0,229.0,307.0,191.0
2025-10-23 06:00:00,182,5,1,6,0,0,224.0,198.0,200.0,293.0,197.0
2025-10-23 07:00:00,181,5,1,7,0,1,182.0,224.0,198.0,302.0,212.0
2025-10-23 08:00:00,184,5,1,8,0,1,181.0,182.0,224.0,273.0,225.0
2025-10-23 09:00:00,206,5,1,9,0,0,184.0,181.0,182.0,350.0,208.0
2025-10-23 10:00:00,242,5,1,10,0,0,206.0,184.0,181.0,360.0,207.0
2025-10-23 11:00:00,268,5,1,11,0,0,242.0,206.0,184.0,396.0,200.0
2025-10-23 12:00:00,264,5,1,12,0,0,268.0,242.0,206.0,362.0,256.0
2025-10-23 13:00:00,275,5,1,13,0,0,264.0,268.0,242.0,409.0,262.0
2025-10-23 14:00:00,248,5,1,14,0,0,275.0,264.0,268.0,379.0,232.0
2025-10-23 15:00:00,236,5,1,15,0,0,248.0,275.0,264.0,366.0,237.0
2025-10-23 16:00:00,214,5,1,16,0,0,236.0,248.0,275.0,316.0,226.0
2025-10-23 17:00:00,208,5,1,17,0,0,214.0,236.0,248.0,252.0,202.0
2025-10-23 18:00:00,220,5,1,18,0,0,208.0,214.0,236.0,293.0,203.0
2025-10-23 19:00:00,204,5,1,19,0,0,220.0,208.0,214.0,302.0,189.0
2025-10-23 20:00:00,214,5,1,20,0,0,204.0,220.0,208.0,318.0,173.0
2025-10-23 21:00:00,198,5,1,21,0,1,214.0,204.0,220.0,353.0,220.0
2025-10-23 22:00:00,188,5,1,22,1,0,198.0,214.0,204.0,271.0,260.0
2025-10-23 23:00:00,278,5,1,23,0,0,188.0,198.0,214.0,394.0,246.0
2025-10-24 00:00:00,227,6,1,0,0,1,278.0,188.0,198.0,249.0,261.0
2025-10-24 01:00:00,227,6,1,1,0,1,227.0,278.0,188.0,278.0,278.0
2025-10-24 02:00:00,226,6,1,2,0,1,227.0,227.0,278.0,229.0,249.0
2025-10-24 03:00:00,231,6,1,3,0,0,226.0,227.0,227.0,200.0,254.0
2025-10-24 04:00:00,242,6,1,4,0,0,231.0,226.0,227.0,198.0,224.0
2025-10-24 05:00:00,155,6,1,5,0,1,242.0,231.0,226.0,224.0,199.0
2025-10-24 06:00:00,182,6,1,6,0,1,155.0,242.0,231.0,182.0,207.0
2025-10-24 07:00:00,189,6,1,7,0,1,182.0,155.0,242.0,181.0,191.0
2025-10-24 08:00:00,198,6,1,8,0,0,189.0,182.0,155.0,184.0,200.0
2025-10-24 09:00:00,197,6,1,9,0,1,198.0,189.0,182.0,206.0,211.0
2025-10-24 10:00:00,251,6,1,10,0,0,197.0,198.0,189.0,242.0,249.0
2025-10-24 11:00:00,254,6,1,11,0,1,251.0,197.0,198.0,268.0,233.0
2025-10-24 12:00:00,256,6,1,12,0,0,254.0,251.0,197.0,264.0,212.0
2025-10-24 13:00:00,245,6,1,13,0,0,256.0,254.0,251.0,275.0,233.0
2025-10-24 14:00:00,239,6,1,14,0,1,245.0,256.0,254.0,248.0,270.0
2025-10-24 15:00:00,254,6,1,15,0,0,239.0,245.0,256.0,236.0,231.0
2025-10-24 16:00:00,170,6,1,16,1,0,254.0,239.0,245.0,214.0,209.0
2025-10-24 17:00:00,177,6,1,17,0,0,170.0,254.0,239.0,208.0,219.0
2025-10-24 18:00:00,215,6,1,18,0,0,177.0,170.0,254.0,220.0,195.0
2025-10-24 19:00:00,178,6,1,19,0,1,215.0,177.0,170.0,204.0,204.0
2025-10-24 20:00:00,225,6,1,20,0,0,178.0,215.0,177.0,214.0,169.0
2025-10-24 21:00:00,227,6,1,21,0,0,225.0,178.0,215.0,198.0,175.0
2025-10-24 22:00:00,241,6,1,22,0,0,227.0,225.0,178.0,188.0,253.0
2025-10-24 23:00:00,229,6,1,23,0,1,241.0,227.0,225.0,278.0,260.0
2025-10-25 00:00:00,338,0,0,0,1,0,229.0,241.0,227.0,227.0,419.0
2025-10-25 01:00:00,413,0,0,1,0,0,338.0,229.0,241.0,227.0,380.0
2025-10-25 02:00:00,354,0,0,2,0,0,413.0,338.0,229.0,226.0,387.0
2025-10-25 03:00:00,343,0,0,3,0,0,354.0,413.0,338.0,231.0,346.0
2025-10-25 04:00:00,349,0,0,4,0,0,343.0,354.0,413.0,242.0,343.0
2025-10-25 05:00:00,302,0,0,5,0,0,349.0,343.0,354.0,155.0,305.0
2025-10-25 06:00:00,250,0,0,6,0,1,302.0,349.0,343.0,182.0,308.0
2025-10-25 07:00:00,300,0,0,7,0,0,250.0,302.0,349.0,189.0,232.0
2025-10-25 08:00:00,284,0,0,8,0,1,300.0,250.0,302.0,198.0,300.0
2025-10-25 09:00:00,272,0,0,9,1,0,284.0,300.0,250.0,197.0,329.0
2025-10-25 10:00:00,363,0,0,10,0,0,272.0,284.0,300.0,251.0,362.0
2025-10-25 11:00:00,386,0,0,11,0,0,363.0,272.0,284.0,254.0,378.0
2025-10-25 12:00:00,314,0,0,12,1,0,386.0,363.0,272.0,256.0,414.0
2025-10-25 13:00:00,400,0,0,13,0,0,314.0,386.0,363.0,245.0,412.0
2025-10-25 14:00:00,369,0,0,14,0,0,400.0,314.0,386.0,239.0,345.0
2025-10-25 15:00:00,351,0,0,15,0,0,369.0,400.0,314.0,254.0,342.0
2025-10-25 16:00:00,325,0,0,16,0,0,351.0,369.0,400.0,170.0,293.0
2025-10-25 17:00:00,322,0,0,17,0,0,325.0,351.0,369.0,177.0,298.0
2025-10-25 18:00:00,301,0,0,18,0,0,322.0,325.0,351.0,215.0,313.0
2025-10-25 19:00:00,299,0,0,19,0,0,301.0,322.0,325.0,178.0,304.0
2025-10-25 20:00:00,292,0,0,20,0,1,299.0,301.0,322.0,225.0,323.0
2025-10-25 21:00:00,347,0,0,21,0,0,292.0,299.0,301.0,227.0,337.0
2025-10-25 22:00:00,382,0,0,22,0,0,347.0,292.0,299.0,241.0,345.0
2025-10-25 23:00:00,396,0,0,23,0,0,382.0,347.0,292.0,229.0,342.0
2025-10-26 00:00:00,421,1,0,0,0,0,396.0,382.0,347.0,338.0,387.0
2025-10-26 01:00:00,412,1,0,1,0,0,421.0,396.0,382.0,413.0,400.0
2025-10-26 02:00:00,379,1,0,2,0,0,412.0,421.0,396.0,354.0,380.0
2025-10-26 03:00:00,314,1,0,3,0,1,379.0,412.0,421.0,343.0,309.0
2025-10-26 04:00:00,305,1,0,4,0,1,314.0,379.0,412.0,349.0,323.0
2025-10-26 05:00:00,282,1,0,5,0,1,305.0,314.0,379.0,302.0,325.0
2025-10-26 06:00:00,295,1,0,6,0,0,282.0,305.0,314.0,250.0,285.0
2025-10-26 07:00:00,282,1,0,7,0,0,295.0,282.0,305.0,300.0,259.0
2025-10-26 08:00:00,295,1,0,8,0,0,282.0,295.0,282.0,284.0,314.0
2025-10-26 09:00:00,346,1,0,9,0,0,295.0,282.0,295.0,272.0,334.0
2025-10-26 10:00:00,378,1,0,10,0,0,346.0,295.0,282.0,363.0,327.0
2025-10-26 11:00:00,400,1,0,11,0,0,378.0,346.0,295.0,386.0,396.0
2025-10-26 12:00:00,385,1,0,12,0,0,400.0,378.0,346.0,314.0,381.0
2025-10-26 13:00:00,408,1,0,13,0,0,385.0,400.0,378.0,400.0,375.0
2025-10-26 14:00:00,335,1,0,14,0,1,408.0,385.0,400.0,369.0,379.0
2025-10-26 15:00:00,359,1,0,15,0,0,335.0,408.0,385.0,351.0,354.0
2025-10-26 16:00:00,332,1,0,16,0,0,359.0,335.0,408.0,325.0,326.0
2025-10-26 17:00:00,266,1,0,17,0,1,332.0,359.0,335.0,322.0,304.0
2025-10-26 18:00:00,289,1,0,18,0,0,266.0,332.0,359.0,301.0,292.0
2025-10-26 19:00:00,275,1,0,19,0,0,289.0,266.0,332.0,299.0,312.0
2025-10-26 20:00:00,242,1,0,20,1,0,275.0,289.0,266.0,292.0,311.0
2025-10-26 21:00:00,320,1,0,21,0,0,242.0,275.0,289.0,347.0,340.0
2025-10-26 22:00:00,374,1,0,22,0,0,320.0,242.0,275.0,382.0,369.0
2025-10-26 23:00:00,391,1,0,23,0,0,374.0,320.0,242.0,396.0,391.0
2025-10-27 00:00:00,411,2,0,0,0,0,391.0,374.0,320.0,421.0,398.0
2025-10-27 01:00:00,361,2,0,1,0,1,411.0,391.0,374.0,412.0,408.0
2025-10-27 02:00:00,372,2,0,2,0,0,361.0,411.0,391.0,379.0,379.0
2025-10-27 03:00:00,323,2,0,3,0,1,372.0,361.0,411.0,314.0,356.0
2025-10-27 04:00:00,323,2,0,4,0,0,323.0,372.0,361.0,305.0,327.0
2025-10-27 05:00:00,283,2,0,5,0,1,323.0,323.0,372.0,282.0,233.0
2025-10-27 06:00:00,300,2,0,6,0,0,283.0,323.0,323.0,295.0,286.0
2025-10-27 07:00:00,288,2,0,7,0,0,300.0,283.0,323.0,282.0,287.0
2025-10-27 08:00:00,253,2,0,8,1,0,288.0,300.0,283.0,295.0,319.0
2025-10-27 09:00:00,343,2,0,9,0,0,253.0,288.0,300.0,346.0,333.0
2025-10-27 10:00:00,365,2,0,10,0,0,343.0,253.0,288.0,378.0,356.0
2025-10-27 11:00:00,323,2,0,11,1,0,365.0,343.0,253.0,400.0,393.0
2025-10-27 12:00:00,421,2,0,12,0,0,323.0,365.0,343.0,385.0,406.0
2025-10-27 13:00:00,392,2,0,13,0,0,421.0,323.0,365.0,408.0,375.0
2025-10-27 14:00:00,375,2,0,14,0,0,392.0,421.0,323.0,335.0,362.0
2025-10-27 15:00:00,327,2,0,15,0,0,375.0,392.0,421.0,359.0,354.0
2025-10-27 16:00:00,326,2,0,16,0,0,327.0,375.0,392.0,332.0,326.0
2025-10-27 17:00:00,301,2,0,17,0,0,326.0,327.0,375.0,266.0,319.0
2025-10-27 18:00:00,270,2,0,18,0,0,301.0,326.0,327.0,289.0,297.0
2025-10-27 19:00:00,303,2,0,19,0,0,270.0,301.0,326.0,275.0,293.0
2025-10-27 20:00:00,324,2,0,20,0,0,303.0,270.0,301.0,242.0,343.0
2025-10-27 21:00:00,333,2,0,21,0,0,324.0,303.0,270.0,320.0,329.0
2025-10-27 22:00:00,364,2,0,22,0,0,333.0,324.0,303.0,374.0,368.0
2025-10-27 23:00:00,378,2,0,23,0,0,364.0,333.0,324.0,391.0,361.0
2025-10-28 00:00:00,369,3,0,0,0,1,378.0,364.0,333.0,411.0,387.0
2025-10-28 01:00:00,378,3,0,1,0,0,369.0,378.0,364.0,361.0,395.0
2025-10-28 02:00:00,375,3,0,2,0,0,378.0,369.0,378.0,372.0,384.0
2025-10-28 03:00:00,377,3,0,3,0,0,375.0,378.0,369.0,323.0,383.0
2025-10-28 04:00:00,328,3,0,4,0,0,377.0,375.0,378.0,323.0,317.0
2025-10-28 05:00:00,312,3,0,5,0,0,328.0,377.0,375.0,283.0,305.0
2025-10-28 06:00:00,294,3,0,6,0,0,312.0,328.0,377.0,300.0,304.0
2025-10-28 07:00:00,286,3,0,7,0,0,294.0,312.0,328.0,288.0,301.0
2025-10-28 08:00:00,316,3,0,8,0,0,286.0,294.0,312.0,253.0,302.0
2025-10-28 09:00:00,347,3,0,9,0,0,316.0,286.0,294.0,343.0,347.0
2025-10-28 10:00:00,357,3,0,10,0,0,347.0,316.0,286.0,365.0,370.0
2025-10-28 11:00:00,355,3,0,11,0,1,357.0,347.0,316.0,323.0,395.0
2025-10-28 12:00:00,335,3,0,12,1,0,355.0,357.0,347.0,421.0,414.0
2025-10-28 13:00:00,409,3,0,13,0,0,335.0,355.0,357.0,392.0,408.0
2025-10-28 14:00:00,322,3,0,14,0,1,409.0,335.0,355.0,375.0,384.0
2025-10-28 15:00:00,307,3,0,15,0,1,322.0,409.0,335.0,327.0,322.0
2025-10-28 16:00:00,308,3,0,16,0,0,307.0,322.0,409.0,326.0,314.0
2025-10-28 17:00:00,319,3,0,17,0,0,308.0,307.0,322.0,301.0,304.0
2025-10-28 18:00:00,303,3,0,18,0,0,319.0,308.0,307.0,270.0,299.0
2025-10-28 19:00:00,308,3,0,19,0,0,303.0,319.0,308.0,303.0,265.0
2025-10-28 20:00:00,306,3,0,20,0,0,308.0,303.0,319.0,324.0,318.0
2025-10-28 21:00:00,328,3,0,21,0,0,306.0,308.0,303.0,333.0,332.0
2025-10-28 22:00:00,370,3,0,22,0,0,328.0,306.0,308.0,364.0,387.0
2025-10-28 23:00:00,352,3,0,23,0,1,370.0,328.0,306.0,378.0,416.0
2025-10-29 00:00:00,350,4,0,0,0,1,352.0,370.0,328.0,369.0,395.0
2025-10-29 01:00:00,398,4,0,1,0,0,350.0,352.0,370.0,378.0,401.0
2025-10-29 02:00:00,387,4,0,2,0,0,398.0,350.0,352.0,375.0,376.0
2025-10-29 03:00:00,357,4,0,3,0,0,387.0,398.0,350.0,377.0,369.0
2025-10-29 04:00:00,282,4,0,4,0,1,357.0,387.0,398.0,328.0,332.0
2025-10-29 05:00:00,281,4,0,5,0,0,282.0,357.0,387.0,312.0,307.0
2025-10-29 06:00:00,293,4,0,6,0,0,281.0,282.0,357.0,294.0,293.0
2025-10-29 07:00:00,302,4,0,7,0,0,293.0,281.0,282.0,286.0,302.0
2025-10-29 08:00:00,282,4,0,8,0,1,302.0,293.0,281.0,316.0,273.0
2025-10-29 09:00:00,337,4,0,9,0,0,282.0,302.0,293.0,347.0,350.0
2025-10-29 10:00:00,360,4,0,10,0,0,337.0,282.0,302.0,357.0,360.0
2025-10-29 11:00:00,399,4,0,11,0,0,360.0,337.0,282.0,355.0,396.0
2025-10-29 12:00:00,359,4,0,12,0,1,399.0,360.0,337.0,335.0,362.0
2025-10-29 13:00:00,397,4,0,13,0,0,359.0,399.0,360.0,409.0,409.0
2025-10-29 14:00:00,368,4,0,14,0,0,397.0,359.0,399.0,322.0,379.0
2025-10-29 15:00:00,347,4,0,15,0,0,368.0,397.0,359.0,307.0,366.0
2025-10-29 16:00:00,329,4,0,16,0,0,347.0,368.0,397.0,308.0,316.0
2025-10-29 17:00:00,294,4,0,17,0,0,329.0,347.0,368.0,319.0,252.0
2025-10-29 18:00:00,281,4,0,18,0,0,294.0,329.0,347.0,303.0,293.0
2025-10-29 19:00:00,266,4,0,19,0,1,281.0,294.0,329.0,308.0,302.0
2025-10-29 20:00:00,331,4,0,20,0,0,266.0,281.0,294.0,306.0,318.0
2025-10-29 21:00:00,310,4,0,21,0,1,331.0,266.0,281.0,328.0,353.0
2025-10-29 22:00:00,349,4,0,22,0,1,310.0,331.0,266.0,370.0,271.0
2025-10-29 23:00:00,388,4,0,23,0,0,349.0,310.0,331.0,352.0,394.0
2025-10-30 00:00:00,263,5,1,0,0,0,388.0,349.0,310.0,350.0,249.0
2025-10-30 01:00:00,247,5,1,1,0,0,263.0,388.0,349.0,398.0,278.0
2025-10-30 02:00:00,246,5,1,2,0,0,247.0,263.0,388.0,387.0,229.0
2025-10-30 03:00:00,253,5,1,3,0,0,246.0,247.0,263.0,357.0,200.0
2025-10-30 04:00:00,222,5,1,4,0,0,253.0,246.0,247.0,282.0,198.0
2025-10-30 05:00:00,213,5,1,5,0,0,222.0,253.0,246.0,281.0,224.0
2025-10-30 06:00:00,206,5,1,6,0,0,213.0,222.0,253.0,293.0,182.0
2025-10-30 07:00:00,200,5,1,7,0,0,206.0,213.0,222.0,302.0,181.0
2025-10-30 08:00:00,209,5,1,8,0,0,200.0,206.0,213.0,282.0,184.0
2025-10-30 09:00:00,207,5,1,9,0,1,209.0,200.0,206.0,337.0,206.0
2025-10-30 10:00:00,254,5,1,10,0,0,207.0,209.0,200.0,360.0,242.0
2025-10-30 11:00:00,265,5,1,11,0,0,254.0,207.0,209.0,399.0,268.0
2025-10-30 12:00:00,246,5,1,12,0,1,265.0,254.0,207.0,359.0,264.0
2025-10-30 13:00:00,266,5,1,13,0,0,246.0,265.0,254.0,397.0,275.0
2025-10-30 14:00:00,244,5,1,14,0,0,266.0,246.0,265.0,368.0,248.0
2025-10-30 15:00:00,209,5,1,15,0,1,244.0,266.0,246.0,347.0,236.0
2025-10-30 16:00:00,207,5,1,16,0,0,209.0,244.0,266.0,329.0,214.0
2025-10-30 17:00:00,216,5,1,17,0,0,207.0,209.0,244.0,294.0,208.0
2025-10-30 18:00:00,172,5,1,18,0,0,216.0,207.0,209.0,281.0,220.0
2025-10-30 19:00:00,197,5,1,19,0,0,172.0,216.0,207.0,266.0,204.0
2025-10-30 20:00:00,240,5,1,20,0,0,197.0,172.0,216.0,331.0,214.0
2025-10-30 21:00:00,224,5,1,21,0,0,240.0,197.0,172.0,310.0,198.0
2025-10-30 22:00:00,232,5,1,22,0,0,224.0,240.0,197.0,349.0,188.0
2025-10-30 23:00:00,260,5,1,23,0,0,232.0,224.0,240.0,388.0,278.0
2025-10-31 00:00:00,255,6,1,0,0,1,260.0,232.0,224.0,263.0,227.0
2025-10-31 01:00:00,262,6,1,1,0,0,255.0,260.0,232.0,247.0,227.0
2025-10-31 02:00:00,260,6,1,2,0,0,262.0,255.0,260.0,246.0,226.0
2025-10-31 03:00:00,214,6,1,3,0,1,260.0,262.0,255.0,253.0,231.0
2025-10-31 04:00:00,214,6,1,4,0,0,214.0,260.0,262.0,222.0,242.0
2025-10-31 05:00:00,221,6,1,5,0,1,214.0,214.0,260.0,213.0,155.0
2025-10-31 06:00:00,198,6,1,6,0,0,221.0,214.0,214.0,206.0,182.0
2025-10-31 07:00:00,194,6,1,7,0,0,198.0,221.0,214.0,200.0,189.0
2025-10-31 08:00:00,184,6,1,8,0,1,194.0,198.0,221.0,209.0,198.0
2025-10-31 09:00:00,233,6,1,9,0,0,184.0,194.0,198.0,207.0,197.0
2025-10-31 10:00:00,226,6,1,10,0,1,233.0,184.0,194.0,254.0,251.0
2025-10-31 11:00:00,269,6,1,11,0,0,226.0,233.0,184.0,265.0,254.0
2025-10-31 12:00:00,268,6,1,12,0,0,269.0,226.0,233.0,246.0,256.0
2025-10-31 13:00:00,220,6,1,13,0,1,268.0,269.0,226.0,266.0,245.0
2025-10-31 14:00:00,234,6,1,14,0,1,220.0,268.0,269.0,244.0,239.0
2025-10-31 15:00:00,232,6,1,15,0,0,234.0,220.0,268.0,209.0,254.0
2025-10-31 16:00:00,215,6,1,16,0,0,232.0,234.0,220.0,207.0,170.0
2025-10-31 17:00:00,186,6,1,17,0,0,215.0,232.0,234.0,216.0,177.0
2025-10-31 18:00:00,190,6,1,18,0,0,186.0,215.0,232.0,172.0,215.0
2025-10-31 19:00:00,171,6,1,19,0,1,190.0,186.0,215.0,197.0,178.0
2025-10-31 20:00:00,211,6,1,20,0,0,171.0,190.0,186.0,240.0,225.0
2025-10-31 21:00:00,211,6,1,21,0,0,211.0,171.0,190.0,224.0,227.0
2025-10-31 22:00:00,197,6,1,22,1,0,211.0,211.0,171.0,232.0,241.0
2025-10-31 23:00:00,235,6,1,23,0,1,197.0,211.0,211.0,260.0,229.0
2025-11-01 00:00:00,387,0,0,0,0,0,235.0,197.0,211.0,255.0,338.0
2025-11-01 01:00:00,309,0,0,1,1,0,387.0,235.0,197.0,262.0,413.0
2025-11-01 02:00:00,369,0,0,2,0,0,309.0,387.0,235.0,260.0,354.0
2025-11-01 03:00:00,329,0,0,3,0,1,369.0,309.0,387.0,214.0,343.0
2025-11-01 04:00:00,297,0,0,4,0,0,329.0,369.0,309.0,214.0,349.0
2025-11-01 05:00:00,271,0,0,5,0,1,297.0,329.0,369.0,221.0,302.0
2025-11-01 06:00:00,276,0,0,6,0,0,271.0,297.0,329.0,198.0,250.0
2025-11-01 07:00:00,295,0,0,7,0,0,276.0,271.0,297.0,194.0,300.0
2025-11-01 08:00:00,327,0,0,8,0,0,295.0,276.0,271.0,184.0,284.0
2025-11-01 09:00:00,300,0,0,9,0,1,327.0,295.0,276.0,233.0,272.0
2025-11-01 10:00:00,334,0,0,10,0,1,300.0,327.0,295.0,226.0,363.0
2025-11-01 11:00:00,380,0,0,11,0,0,334.0,300.0,327.0,269.0,386.0
2025-11-01 12:00:00,383,0,0,12,0,1,380.0,334.0,300.0,268.0,314.0
2025-11-01 13:00:00,407,0,0,13,0,0,383.0,380.0,334.0,220.0,400.0
2025-11-01 14:00:00,355,0,0,14,0,1,407.0,383.0,380.0,234.0,369.0
2025-11-01 15:00:00,338,0,0,15,0,0,355.0,407.0,383.0,232.0,351.0
2025-11-01 16:00:00,314,0,0,16,0,0,338.0,355.0,407.0,215.0,325.0
2025-11-01 17:00:00,319,0,0,17,0,0,314.0,338.0,355.0,186.0,322.0
2025-11-01 18:00:00,294,0,0,18,0,0,319.0,314.0,338.0,190.0,301.0
2025-11-01 19:00:00,267,0,0,19,0,1,294.0,319.0,314.0,171.0,299.0
2025-11-01 20:00:00,321,0,0,20,0,0,267.0,294.0,319.0,211.0,292.0
2025-11-01 21:00:00,327,0,0,21,0,0,321.0,267.0,294.0,211.0,347.0
2025-11-01 22:00:00,378,0,0,22,0,0,327.0,321.0,267.0,197.0,382.0
2025-11-01 23:00:00,390,0,0,23,0,0,378.0,327.0,321.0,235.0,396.0
2025-11-02 00:00:00,406,1,0,0,0,0,390.0,378.0,327.0,387.0,421.0
2025-11-02 01:00:00,309,1,0,1,1,0,406.0,390.0,378.0,309.0,412.0
2025-11-02 02:00:00,385,1,0,2,0,0,309.0,406.0,390.0,369.0,379.0
2025-11-02 03:00:00,346,1,0,3,0,0,385.0,309.0,406.0,329.0,314.0
2025-11-02 04:00:00,273,1,0,4,1,0,346.0,385.0,309.0,297.0,305.0
2025-11-02 05:00:00,320,1,0,5,0,0,273.0,346.0,385.0,271.0,282.0
2025-11-02 06:00:00,307,1,0,6,0,0,320.0,273.0,346.0,276.0,295.0
2025-11-02 07:00:00,276,1,0,7,0,1,307.0,320.0,273.0,295.0,282.0
2025-11-02 08:00:00,324,1,0,8,0,0,276.0,307.0,320.0,327.0,295.0
2025-11-02 09:00:00,310,1,0,9,0,0,324.0,276.0,307.0,300.0,346.0
2025-11-02 10:00:00,379,1,0,10,0,0,310.0,324.0,276.0,334.0,378.0
2025-11-02 11:00:00,348,1,0,11,0,1,379.0,310.0,324.0,380.0,400.0
2025-11-02 12:00:00,401,1,0,12,0,0,348.0,379.0,310.0,383.0,385.0
2025-11-02 13:00:00,393,1,0,13,0,0,401.0,348.0,379.0,407.0,408.0
2025-11-02 14:00:00,325,1,0,14,0,1,393.0,401.0,348.0,355.0,335.0
2025-11-02 15:00:00,348,1,0,15,0,0,325.0,393.0,401.0,338.0,359.0
2025-11-02 16:00:00,335,1,0,16,0,0,348.0,325.0,393.0,314.0,332.0
2025-11-02 17:00:00,292,1,0,17,0,1,335.0,348.0,325.0,319.0,266.0
2025-11-02 18:00:00,289,1,0,18,0,0,292.0,335.0,348.0,294.0,289.0
2025-11-02 19:00:00,259,1,0,19,0,1,289.0,292.0,335.0,267.0,275.0
2025-11-02 20:00:00,303,1,0,20,0,1,259.0,289.0,292.0,321.0,242.0
2025-11-02 21:00:00,331,1,0,21,0,0,303.0,259.0,289.0,327.0,320.0
2025-11-02 22:00:00,394,1,0,22,0,0,331.0,303.0,259.0,378.0,374.0
2025-11-02 23:00:00,352,1,0,23,0,1,394.0,331.0,303.0,390.0,391.0
2025-11-03 00:00:00,389,2,0,0,0,0,352.0,394.0,331.0,406.0,411.0
2025-11-03 01:00:00,408,2,0,1,0,0,389.0,352.0,394.0,309.0,361.0
2025-11-03 02:00:00,362,2,0,2,0,1,408.0,389.0,352.0,385.0,372.0
2025-11-03 03:00:00,337,2,0,3,0,0,362.0,408.0,389.0,346.0,323.0
2025-11-03 04:00:00,346,2,0,4,0,0,337.0,362.0,408.0,273.0,323.0
2025-11-03 05:00:00,303,2,0,5,0,0,346.0,337.0,362.0,320.0,283.0
2025-11-03 06:00:00,314,2,0,6,0,0,303.0,346.0,337.0,307.0,300.0
2025-11-03 07:00:00,295,2,0,7,0,0,314.0,303.0,346.0,276.0,288.0
2025-11-03 08:00:00,298,2,0,8,0,0,295.0,314.0,303.0,324.0,253.0
2025-11-03 09:00:00,314,2,0,9,0,1,298.0,295.0,314.0,310.0,343.0
2025-11-03 10:00:00,380,2,0,10,0,0,314.0,298.0,295.0,379.0,365.0
2025-11-03 11:00:00,415,2,0,11,0,0,380.0,314.0,298.0,348.0,323.0
2025-11-03 12:00:00,421,2,0,12,0,0,415.0,380.0,314.0,401.0,421.0
2025-11-03 13:00:00,404,2,0,13,0,0,421.0,415.0,380.0,393.0,392.0
2025-11-03 14:00:00,376,2,0,14,0,0,404.0,421.0,415.0,325.0,375.0
2025-11-03 15:00:00,277,2,0,15,1,0,376.0,404.0,421.0,348.0,327.0
2025-11-03 16:00:00,324,2,0,16,0,0,277.0,376.0,404.0,335.0,326.0
2025-11-03 17:00:00,296,2,0,17,0,0,324.0,277.0,376.0,292.0,301.0
2025-11-03 18:00:00,293,2,0,18,0,0,296.0,324.0,277.0,289.0,270.0
2025-11-03 19:00:00,269,2,0,19,0,0,293.0,296.0,324.0,259.0,303.0
2025-11-03 20:00:00,319,2,0,20,0,0,269.0,293.0,296.0,303.0,324.0
2025-11-03 21:00:00,342,2,0,21,0,0,319.0,269.0,293.0,331.0,333.0
2025-11-03 22:00:00,400,2,0,22,0,0,342.0,319.0,269.0,394.0,364.0
2025-11-03 23:00:00,399,2,0,23,0,0,400.0,342.0,319.0,352.0,378.0
2025-11-04 00:00:00,394,3,0,0,0,0,399.0,400.0,342.0,389.0,369.0
2025-11-04 01:00:00,324,3,0,1,1,0,394.0,399.0,400.0,408.0,378.0
2025-11-04 02:00:00,364,3,0,2,0,0,324.0,394.0,399.0,362.0,375.0
2025-11-04 03:00:00,347,3,0,3,0,0,364.0,324.0,394.0,337.0,377.0
2025-11-04 04:00:00,272,3,0,4,0,1,347.0,364.0,324.0,346.0,328.0
2025-11-04 05:00:00,293,3,0,5,0,1,272.0,347.0,364.0,303.0,312.0
2025-11-04 06:00:00,303,3,0,6,0,0,293.0,272.0,347.0,314.0,294.0
2025-11-04 07:00:00,286,3,0,7,0,0,303.0,293.0,272.0,295.0,286.0
2025-11-04 08:00:00,316,3,0,8,0,0,286.0,303.0,293.0,298.0,316.0
2025-11-04 09:00:00,353,3,0,9,0,0,316.0,286.0,303.0,314.0,347.0
2025-11-04 10:00:00,375,3,0,10,0,0,353.0,316.0,286.0,380.0,357.0
2025-11-04 11:00:00,395,3,0,11,0,0,375.0,353.0,316.0,415.0,355.0
2025-11-04 12:00:00,390,3,0,12,0,0,395.0,375.0,353.0,421.0,335.0
2025-11-04 13:00:00,388,3,0,13,0,0,390.0,395.0,375.0,404.0,409.0
2025-11-04 14:00:00,380,3,0,14,0,0,388.0,390.0,395.0,376.0,322.0
2025-11-04 15:00:00,365,3,0,15,0,0,380.0,388.0,390.0,277.0,307.0
2025-11-04 16:00:00,317,3,0,16,0,0,365.0,380.0,388.0,324.0,308.0
2025-11-04 17:00:00,293,3,0,17,0,0,317.0,365.0,380.0,296.0,319.0
2025-11-04 18:00:00,280,3,0,18,0,1,293.0,317.0,365.0,293.0,303.0
2025-11-04 19:00:00,259,3,0,19,0,1,280.0,293.0,317.0,269.0,308.0
2025-11-04 20:00:00,330,3,0,20,0,0,259.0,280.0,293.0,319.0,306.0
2025-11-04 21:00:00,345,3,0,21,0,0,330.0,259.0,280.0,342.0,328.0
2025-11-04 22:00:00,379,3,0,22,0,0,345.0,330.0,259.0,400.0,370.0
2025-11-04 23:00:00,411,3,0,23,0,0,379.0,345.0,330.0,399.0,352.0
2025-11-05 00:00:00,368,4,0,0,0,1,411.0,379.0,345.0,394.0,350.0
2025-11-05 01:00:00,405,4,0,1,0,0,368.0,411.0,379.0,324.0,398.0
2025-11-05 02:00:00,292,4,0,2,1,0,405.0,368.0,411.0,364.0,387.0
2025-11-05 03:00:00,346,4,0,3,0,0,292.0,405.0,368.0,347.0,357.0
2025-11-05 04:00:00,335,4,0,4,0,0,346.0,292.0,405.0,272.0,282.0
2025-11-05 05:00:00,324,4,0,5,0,0,335.0,346.0,292.0,293.0,281.0
2025-11-05 06:00:00,313,4,0,6,0,0,324.0,335.0,346.0,303.0,293.0
2025-11-05 07:00:00,298,4,0,7,0,1,313.0,324.0,335.0,286.0,302.0
2025-11-05 08:00:00,321,4,0,8,0,0,298.0,313.0,324.0,316.0,282.0
2025-11-05 09:00:00,310,4,0,9,0,1,321.0,298.0,313.0,353.0,337.0
2025-11-05 10:00:00,381,4,0,10,0,0,310.0,321.0,298.0,375.0,360.0
2025-11-05 11:00:00,390,4,0,11,0,0,381.0,310.0,321.0,395.0,399.0
2025-11-05 12:00:00,399,4,0,12,0,0,390.0,381.0,310.0,390.0,359.0
2025-11-05 13:00:00,383,4,0,13,0,0,399.0,390.0,381.0,388.0,397.0
2025-11-05 14:00:00,391,4,0,14,0,0,383.0,399.0,390.0,380.0,368.0
2025-11-05 15:00:00,341,4,0,15,0,0,391.0,383.0,399.0,365.0,347.0
2025-11-05 16:00:00,333,4,0,16,0,0,341.0,391.0,383.0,317.0,329.0
2025-11-05 17:00:00,289,4,0,17,0,0,333.0,341.0,391.0,293.0,294.0
2025-11-05 18:00:00,309,4,0,18,0,0,289.0,333.0,341.0,280.0,281.0
2025-11-05 19:00:00,228,4,0,19,1,0,309.0,289.0,333.0,259.0,266.0
2025-11-05 20:00:00,327,4,0,20,0,0,228.0,309.0,289.0,330.0,331.0
2025-11-05 21:00:00,323,4,0,21,0,0,327.0,228.0,309.0,345.0,310.0
2025-11-05 22:00:00,364,4,0,22,0,0,323.0,327.0,228.0,379.0,349.0
2025-11-05 23:00:00,404,4,0,23,0,0,364.0,323.0,327.0,411.0,388.0
2025-11-06 00:00:00,257,5,1,0,0,0,404.0,364.0,323.0,368.0,263.0
2025-11-06 01:00:00,238,5,1,1,0,1,257.0,404.0,364.0,405.0,247.0
2025-11-06 02:00:00,222,5,1,2,0,1,238.0,257.0,404.0,292.0,246.0
2025-11-06 03:00:00,208,5,1,3,0,0,222.0,238.0,257.0,346.0,253.0
2025-11-06 04:00:00,200,5,1,4,0,1,208.0,222.0,238.0,335.0,222.0
2025-11-06 05:00:00,209,5,1,5,0,0,200.0,208.0,222.0,324.0,213.0
2025-11-06 06:00:00,184,5,1,6,0,0,209.0,200.0,208.0,313.0,206.0
2025-11-06 07:00:00,187,5,1,7,0,1,184.0,209.0,200.0,298.0,200.0
2025-11-06 08:00:00,181,5,1,8,0,1,187.0,184.0,209.0,321.0,209.0
2025-11-06 09:00:00,216,5,1,9,0,0,181.0,187.0,184.0,310.0,207.0
2025-11-06 10:00:00,246,5,1,10,0,0,216.0,181.0,187.0,381.0,254.0
2025-11-06 11:00:00,252,5,1,11,0,0,246.0,216.0,181.0,390.0,265.0
2025-11-06 12:00:00,294,5,1,12,0,0,252.0,246.0,216.0,399.0,246.0
2025-11-06 13:00:00,193,5,1,13,1,0,294.0,252.0,246.0,383.0,266.0
2025-11-06 14:00:00,262,5,1,14,0,0,193.0,294.0,252.0,391.0,244.0
2025-11-06 15:00:00,248,5,1,15,0,0,262.0,193.0,294.0,341.0,209.0
2025-11-06 16:00:00,194,5,1,16,0,0,248.0,262.0,193.0,333.0,207.0
2025-11-06 17:00:00,183,5,1,17,0,0,194.0,248.0,262.0,289.0,216.0
2025-11-06 18:00:00,184,5,1,18,0,1,183.0,194.0,248.0,309.0,172.0
2025-11-06 19:00:00,194,5,1,19,0,0,184.0,183.0,194.0,228.0,197.0
2025-11-06 20:00:00,195,5,1,20,0,1,194.0,184.0,183.0,327.0,240.0
2025-11-06 21:00:00,242,5,1,21,0,0,195.0,194.0,184.0,323.0,224.0
2025-11-06 22:00:00,217,5,1,22,0,1,242.0,195.0,194.0,364.0,232.0
2025-11-06 23:00:00,221,5,1,23,0,1,217.0,242.0,195.0,404.0,260.0
2025-11-07 00:00:00,181,6,1,0,1,0,221.0,217.0,242.0,257.0,255.0
2025-11-07 01:00:00,240,6,1,1,0,1,181.0,221.0,217.0,238.0,262.0
2025-11-07 02:00:00,216,6,1,2,0,1,240.0,181.0,221.0,222.0,260.0
2025-11-07 03:00:00,240,6,1,3,0,0,216.0,240.0,181.0,208.0,214.0
2025-11-07 04:00:00,221,6,1,4,0,0,240.0,216.0,240.0,200.0,214.0
2025-11-07 05:00:00,187,6,1,5,0,0,221.0,240.0,216.0,209.0,221.0
2025-11-07 06:00:00,179,6,1,6,1,0,187.0,221.0,240.0,184.0,198.0
2025-11-07 07:00:00,213,6,1,7,0,0,179.0,187.0,221.0,187.0,194.0
2025-11-07 08:00:00,221,6,1,8,0,0,213.0,179.0,187.0,181.0,184.0
2025-11-07 09:00:00,214,6,1,9,0,0,221.0,213.0,179.0,216.0,233.0
2025-11-07 10:00:00,241,6,1,10,0,0,214.0,221.0,213.0,246.0,226.0
2025-11-07 11:00:00,227,6,1,11,0,1,241.0,214.0,221.0,252.0,269.0
2025-11-07 12:00:00,262,6,1,12,0,0,227.0,241.0,214.0,294.0,268.0
2025-11-07 13:00:00,251,6,1,13,0,0,262.0,227.0,241.0,193.0,220.0
2025-11-07 14:00:00,258,6,1,14,0,0,251.0,262.0,227.0,262.0,234.0
2025-11-07 15:00:00,239,6,1,15,0,0,258.0,251.0,262.0,248.0,232.0
2025-11-07 16:00:00,223,6,1,16,0,0,239.0,258.0,251.0,194.0,215.0
2025-11-07 17:00:00,198,6,1,17,0,0,223.0,239.0,258.0,183.0,186.0
2025-11-07 18:00:00,193,6,1,18,0,1,198.0,223.0,239.0,184.0,190.0
2025-11-07 19:00:00,202,6,1,19,0,0,193.0,198.0,223.0,194.0,171.0
2025-11-07 20:00:00,157,6,1,20,0,1,202.0,193.0,198.0,195.0,211.0
2025-11-07 21:00:00,198,6,1,21,0,1,157.0,202.0,193.0,242.0,211.0
2025-11-07 22:00:00,245,6,1,22,0,0,198.0,157.0,202.0,217.0,197.0
2025-11-07 23:00:00,272,6,1,23,0,0,245.0,198.0,157.0,221.0,235.0
2025-11-08 00:00:00,316,0,0,0,1,0,272.0,245.0,198.0,181.0,387.0
2025-11-08 01:00:00,393,0,0,1,0,0,316.0,272.0,245.0,240.0,309.0
2025-11-08 02:00:00,333,0,0,2,0,1,393.0,316.0,272.0,216.0,369.0
2025-11-08 03:00:00,327,0,0,3,0,1,333.0,393.0,316.0,240.0,329.0
2025-11-08 04:00:00,322,0,0,4,0,0,327.0,333.0,393.0,221.0,297.0
2025-11-08 05:00:00,299,0,0,5,0,0,322.0,327.0,333.0,187.0,271.0
2025-11-08 06:00:00,287,0,0,6,0,0,299.0,322.0,327.0,179.0,276.0
2025-11-08 07:00:00,307,0,0,7,0,0,287.0,299.0,322.0,213.0,295.0
2025-11-08 08:00:00,310,0,0,8,0,0,307.0,287.0,299.0,221.0,327.0
2025-11-08 09:00:00,322,0,0,9,0,0,310.0,307.0,287.0,214.0,300.0
2025-11-08 10:00:00,376,0,0,10,0,0,322.0,310.0,307.0,241.0,334.0
2025-11-08 11:00:00,343,0,0,11,0,1,376.0,322.0,310.0,227.0,380.0
2025-11-08 12:00:00,404,0,0,12,0,0,343.0,376.0,322.0,262.0,383.0
2025-11-08 13:00:00,361,0,0,13,0,1,404.0,343.0,376.0,251.0,407.0
2025-11-08 14:00:00,394,0,0,14,0,0,361.0,404.0,343.0,258.0,355.0
2025-11-08 15:00:00,367,0,0,15,0,0,394.0,361.0,404.0,239.0,338.0
2025-11-08 16:00:00,320,0,0,16,0,0,367.0,394.0,361.0,223.0,314.0
2025-11-08 17:00:00,304,0,0,17,0,0,320.0,367.0,394.0,198.0,319.0
2025-11-08 18:00:00,281,0,0,18,0,0,304.0,320.0,367.0,193.0,294.0
2025-11-08 19:00:00,320,0,0,19,0,0,281.0,304.0,320.0,202.0,267.0
2025-11-08 20:00:00,259,0,0,20,1,0,320.0,281.0,304.0,157.0,321.0
2025-11-08 21:00:00,359,0,0,21,0,0,259.0,320.0,281.0,198.0,327.0
2025-11-08 22:00:00,328,0,0,22,0,1,359.0,259.0,320.0,245.0,378.0
2025-11-08 23:00:00,326,0,0,23,0,1,328.0,359.0,259.0,272.0,390.0
2025-11-09 00:00:00,418,1,0,0,0,0,326.0,328.0,359.0,316.0,406.0
2025-11-09 01:00:00,397,1,0,1,0,0,418.0,326.0,328.0,393.0,309.0
2025-11-09 02:00:00,343,1,0,2,0,1,397.0,418.0,326.0,333.0,385.0
2025-11-09 03:00:00,355,1,0,3,0,0,343.0,397.0,418.0,327.0,346.0
2025-11-09 04:00:00,335,1,0,4,0,0,355.0,343.0,397.0,322.0,273.0
2025-11-09 05:00:00,312,1,0,5,0,0,335.0,355.0,343.0,299.0,320.0
2025-11-09 06:00:00,277,1,0,6,0,0,312.0,335.0,355.0,287.0,307.0
2025-11-09 07:00:00,313,1,0,7,0,0,277.0,312.0,335.0,307.0,276.0
2025-11-09 08:00:00,279,1,0,8,0,1,313.0,277.0,312.0,310.0,324.0
2025-11-09 09:00:00,302,1,0,9,0,1,279.0,313.0,277.0,322.0,310.0
2025-11-09 10:00:00,390,1,0,10,0,0,302.0,279.0,313.0,376.0,379.0
2025-11-09 11:00:00,401,1,0,11,0,0,390.0,302.0,279.0,343.0,348.0
2025-11-09 12:00:00,396,1,0,12,0,0,401.0,390.0,302.0,404.0,401.0
2025-11-09 13:00:00,374,1,0,13,0,0,396.0,401.0,390.0,361.0,393.0
2025-11-09 14:00:00,381,1,0,14,0,0,374.0,396.0,401.0,394.0,325.0
2025-11-09 15:00:00,360,1,0,15,0,0,381.0,374.0,396.0,367.0,348.0
2025-11-09 16:00:00,326,1,0,16,0,0,360.0,381.0,374.0,320.0,335.0
2025-11-09 17:00:00,260,1,0,17,0,1,326.0,360.0,381.0,304.0,292.0
2025-11-09 18:00:00,287,1,0,18,0,0,260.0,326.0,360.0,281.0,289.0
2025-11-09 19:00:00,255,1,0,19,0,1,287.0,260.0,326.0,320.0,259.0
2025-11-09 20:00:00,319,1,0,20,0,0,255.0,287.0,260.0,259.0,303.0
2025-11-09 21:00:00,352,1,0,21,0,0,319.0,255.0,287.0,359.0,331.0
2025-11-09 22:00:00,381,1,0,22,0,0,352.0,319.0,255.0,328.0,394.0
2025-11-09 23:00:00,342,1,0,23,0,1,381.0,352.0,319.0,326.0,352.0
2025-11-10 00:00:00,403,2,0,0,0,0,342.0,381.0,352.0,418.0,389.0
2025-11-10 01:00:00,403,2,0,1,0,0,403.0,342.0,381.0,397.0,408.0
2025-11-10 02:00:00,335,2,0,2,0,1,403.0,403.0,342.0,343.0,362.0
2025-11-10 03:00:00,352,2,0,3,0,0,335.0,403.0,403.0,355.0,337.0
2025-11-10 04:00:00,320,2,0,4,0,1,352.0,335.0,403.0,335.0,346.0
2025-11-10 05:00:00,308,2,0,5,0,0,320.0,352.0,335.0,312.0,303.0
2025-11-10 06:00:00,307,2,0,6,0,0,308.0,320.0,352.0,277.0,314.0
2025-11-10 07:00:00,295,2,0,7,0,0,307.0,308.0,320.0,313.0,295.0
2025-11-10 08:00:00,317,2,0,8,0,0,295.0,307.0,308.0,279.0,298.0
2025-11-10 09:00:00,321,2,0,9,0,0,317.0,295.0,307.0,302.0,314.0
2025-11-10 10:00:00,332,2,0,10,0,1,321.0,317.0,295.0,390.0,380.0
2025-11-10 11:00:00,404,2,0,11,0,0,332.0,321.0,317.0,401.0,415.0
2025-11-10 12:00:00,425,2,0,12,0,0,404.0,332.0,321.0,396.0,421.0
2025-11-10 13:00:00,410,2,0,13,0,0,425.0,404.0,332.0,374.0,404.0
2025-11-10 14:00:00,387,2,0,14,0,0,410.0,425.0,404.0,381.0,376.0
2025-11-10 15:00:00,355,2,0,15,0,0,387.0,410.0,425.0,360.0,277.0
2025-11-10 16:00:00,320,2,0,16,0,0,355.0,387.0,410.0,326.0,324.0
2025-11-10 17:00:00,304,2,0,17,0,0,320.0,355.0,387.0,260.0,296.0
2025-11-10 18:00:00,303,2,0,18,0,0,304.0,320.0,355.0,287.0,293.0
2025-11-10 19:00:00,291,2,0,19,0,0,303.0,304.0,320.0,255.0,269.0
2025-11-10 20:00:00,328,2,0,20,0,0,291.0,303.0,304.0,319.0,319.0
2025-11-10 21:00:00,330,2,0,21,0,0,328.0,291.0,303.0,352.0,342.0
2025-11-10 22:00:00,347,2,0,22,0,0,330.0,328.0,291.0,381.0,400.0
2025-11-10 23:00:00,339,2,0,23,0,1,347.0,330.0,328.0,342.0,399.0
2025-11-11 00:00:00,380,3,0,0,0,0,339.0,347.0,330.0,403.0,394.0
2025-11-11 01:00:00,380,3,0,1,0,0,380.0,339.0,347.0,403.0,324.0
2025-11-11 02:00:00,393,3,0,2,0,0,380.0,380.0,339.0,335.0,364.0
2025-11-11 03:00:00,352,3,0,3,0,0,393.0,380.0,380.0,352.0,347.0
2025-11-11 04:00:00,297,3,0,4,0,1,352.0,393.0,380.0,320.0,272.0
2025-11-11 05:00:00,320,3,0,5,0,0,297.0,352.0,393.0,308.0,293.0
2025-11-11 06:00:00,311,3,0,6,0,0,320.0,297.0,352.0,307.0,303.0
2025-11-11 07:00:00,264,3,0,7,0,1,311.0,320.0,297.0,295.0,286.0
2025-11-11 08:00:00,333,3,0,8,0,0,264.0,311.0,320.0,317.0,316.0
2025-11-11 09:00:00,347,3,0,9,0,0,333.0,264.0,311.0,321.0,353.0
2025-11-11 10:00:00,369,3,0,10,0,0,347.0,333.0,264.0,332.0,375.0
2025-11-11 11:00:00,395,3,0,11,0,0,369.0,347.0,333.0,404.0,395.0
2025-11-11 12:00:00,383,3,0,12,0,0,395.0,369.0,347.0,425.0,390.0
2025-11-11 13:00:00,347,3,0,13,0,1,383.0,395.0,369.0,410.0,388.0
2025-11-11 14:00:00,378,3,0,14,0,0,347.0,383.0,395.0,387.0,380.0
2025-11-11 15:00:00,361,3,0,15,0,0,378.0,347.0,383.0,355.0,365.0
2025-11-11 16:00:00,323,3,0,16,0,0,361.0,378.0,347.0,320.0,317.0
2025-11-11 17:00:00,304,3,0,17,0,0,323.0,361.0,378.0,304.0,293.0
2025-11-11 18:00:00,308,3,0,18,0,0,304.0,323.0,361.0,303.0,280.0
2025-11-11 19:00:00,257,3,0,19,1,0,308.0,304.0,323.0,291.0,259.0
2025-11-11 20:00:00,326,3,0,20,0,0,257.0,308.0,304.0,328.0,330.0
2025-11-11 21:00:00,357,3,0,21,0,0,326.0,257.0,308.0,330.0,345.0
2025-11-11 22:00:00,364,3,0,22,0,0,357.0,326.0,257.0,347.0,379.0
2025-11-11 23:00:00,308,3,0,23,1,0,364.0,357.0,326.0,339.0,411.0
2025-11-12 00:00:00,364,4,0,0,0,1,308.0,364.0,357.0,380.0,368.0
2025-11-12 01:00:00,392,4,0,1,0,0,364.0,308.0,364.0,380.0,405.0
2025-11-12 02:00:00,373,4,0,2,0,0,392.0,364.0,308.0,393.0,292.0
2025-11-12 03:00:00,338,4,0,3,0,1,373.0,392.0,364.0,352.0,346.0
2025-11-12 04:00:00,292,4,0,4,0,1,338.0,373.0,392.0,297.0,335.0
2025-11-12 05:00:00,294,4,0,5,0,0,292.0,338.0,373.0,320.0,324.0
2025-11-12 06:00:00,272,4,0,6,0,1,294.0,292.0,338.0,311.0,313.0
2025-11-12 07:00:00,292,4,0,7,0,1,272.0,294.0,292.0,264.0,298.0
2025-11-12 08:00:00,318,4,0,8,0,0,292.0,272.0,294.0,333.0,321.0
2025-11-12 09:00:00,357,4,0,9,0,0,318.0,292.0,272.0,347.0,310.0
2025-11-12 10:00:00,364,4,0,10,0,0,357.0,318.0,292.0,369.0,381.0
2025-11-12 11:00:00,384,4,0,11,0,0,364.0,357.0,318.0,395.0,390.0
2025-11-12 12:00:00,392,4,0,12,0,0,384.0,364.0,357.0,383.0,399.0
2025-11-12 13:00:00,394,4,0,13,0,0,392.0,384.0,364.0,347.0,383.0
2025-11-12 14:00:00,401,4,0,14,0,0,394.0,392.0,384.0,378.0,391.0
2025-11-12 15:00:00,340,4,0,15,0,0,401.0,394.0,392.0,361.0,341.0
2025-11-12 16:00:00,347,4,0,16,0,0,340.0,401.0,394.0,323.0,333.0
2025-11-12 17:00:00,294,4,0,17,0,0,347.0,340.0,401.0,304.0,289.0
2025-11-12 18:00:00,293,4,0,18,0,0,294.0,347.0,340.0,308.0,309.0
2025-11-12 19:00:00,310,4,0,19,0,0,293.0,294.0,347.0,257.0,228.0
2025-11-12 20:00:00,324,4,0,20,0,0,310.0,293.0,294.0,326.0,327.0
2025-11-12 21:00:00,345,4,0,21,0,0,324.0,310.0,293.0,357.0,323.0
2025-11-12 22:00:00,349,4,0,22,0,0,345.0,324.0,310.0,364.0,364.0
2025-11-12 23:00:00,316,4,0,23,1,0,349.0,345.0,324.0,308.0,404.0
2025-11-13 00:00:00,254,5,1,0,0,0,316.0,349.0,345.0,364.0,257.0
2025-11-13 01:00:00,268,5,1,1,0,1,254.0,316.0,349.0,392.0,238.0
2025-11-13 02:00:00,225,5,1,2,0,1,268.0,254.0,316.0,373.0,222.0
2025-11-13 03:00:00,238,5,1,3,0,0,225.0,268.0,254.0,338.0,208.0
2025-11-13 04:00:00,183,5,1,4,0,1,238.0,225.0,268.0,292.0,200.0
2025-11-13 05:00:00,198,5,1,5,0,0,183.0,238.0,225.0,294.0,209.0
2025-11-13 06:00:00,182,5,1,6,0,0,198.0,183.0,238.0,272.0,184.0
2025-11-13 07:00:00,192,5,1,7,0,1,182.0,198.0,183.0,292.0,187.0
2025-11-13 08:00:00,187,5,1,8,0,1,192.0,182.0,198.0,318.0,181.0
2025-11-13 09:00:00,235,5,1,9,0,0,187.0,192.0,182.0,357.0,216.0
2025-11-13 10:00:00,213,5,1,10,0,1,235.0,187.0,192.0,364.0,246.0
2025-11-13 11:00:00,254,5,1,11,0,0,213.0,235.0,187.0,384.0,252.0
2025-11-13 12:00:00,229,5,1,12,1,0,254.0,213.0,235.0,392.0,294.0
2025-11-13 13:00:00,252,5,1,13,0,0,229.0,254.0,213.0,394.0,193.0
2025-11-13 14:00:00,206,5,1,14,0,1,252.0,229.0,254.0,401.0,262.0
2025-11-13 15:00:00,241,5,1,15,0,0,206.0,252.0,229.0,340.0,248.0
2025-11-13 16:00:00,204,5,1,16,0,0,241.0,206.0,252.0,347.0,194.0
2025-11-13 17:00:00,199,5,1,17,0,0,204.0,241.0,206.0,294.0,183.0
2025-11-13 18:00:00,189,5,1,18,0,1,199.0,204.0,241.0,293.0,184.0
2025-11-13 19:00:00,190,5,1,19,0,0,189.0,199.0,204.0,310.0,194.0
2025-11-13 20:00:00,222,5,1,20,0,0,190.0,189.0,199.0,324.0,195.0
2025-11-13 21:00:00,220,5,1,21,0,0,222.0,190.0,189.0,345.0,242.0
2025-11-13 22:00:00,264,5,1,22,0,0,220.0,222.0,190.0,349.0,217.0
2025-11-13 23:00:00,276,5,1,23,0,0,264.0,220.0,222.0,316.0,221.0
2025-11-14 00:00:00,261,6,1,0,0,0,276.0,264.0,220.0,254.0,181.0
2025-11-14 01:00:00,235,6,1,1,0,1,261.0,276.0,264.0,268.0,240.0
2025-11-14 02:00:00,243,6,1,2,0,0,235.0,261.0,276.0,225.0,216.0
2025-11-14 03:00:00,238,6,1,3,0,0,243.0,235.0,261.0,238.0,240.0
2025-11-14 04:00:00,232,6,1,4,0,0,238.0,243.0,235.0,183.0,221.0
2025-11-14 05:00:00,187,6,1,5,0,0,232.0,238.0,243.0,198.0,187.0
2025-11-14 06:00:00,208,6,1,6,0,0,187.0,232.0,238.0,182.0,179.0
2025-11-14 07:00:00,144,6,1,7,1,0,208.0,187.0,232.0,192.0,213.0
2025-11-14 08:00:00,201,6,1,8,0,0,144.0,208.0,187.0,187.0,221.0
2025-11-14 09:00:00,207,6,1,9,0,0,201.0,144.0,208.0,235.0,214.0
2025-11-14 10:00:00,271,6,1,10,0,0,207.0,201.0,144.0,213.0,241.0
2025-11-14 11:00:00,235,6,1,11,0,1,271.0,207.0,201.0,254.0,227.0
2025-11-14 12:00:00,270,6,1,12,0,0,235.0,271.0,207.0,229.0,262.0
2025-11-14 13:00:00,203,6,1,13,1,0,270.0,235.0,271.0,252.0,251.0
2025-11-14 14:00:00,266,6,1,14,0,0,203.0,270.0,235.0,206.0,258.0
2025-11-14 15:00:00,211,6,1,15,0,0,266.0,203.0,270.0,241.0,239.0
2025-11-14 16:00:00,218,6,1,16,0,0,211.0,266.0,203.0,204.0,223.0
2025-11-14 17:00:00,230,6,1,17,0,0,218.0,211.0,266.0,199.0,198.0
2025-11-14 18:00:00,193,6,1,18,0,0,230.0,218.0,211.0,189.0,193.0
2025-11-14 19:00:00,200,6,1,19,0,0,193.0,230.0,218.0,190.0,202.0
2025-11-14 20:00:00,219,6,1,20,0,0,200.0,193.0,230.0,222.0,157.0
2025-11-14 21:00:00,218,6,1,21,0,0,219.0,200.0,193.0,220.0,198.0
2025-11-14 22:00:00,246,6,1,22,0,0,218.0,219.0,200.0,264.0,245.0
2025-11-14 23:00:00,272,6,1,23,0,0,246.0,218.0,219.0,276.0,272.0
2025-11-15 00:00:00,322,0,0,0,1,0,272.0,246.0,218.0,261.0,316.0
2025-11-15 01:00:00,361,0,0,1,0,1,322.0,272.0,246.0,235.0,393.0
2025-11-15 02:00:00,375,0,0,2,0,0,361.0,322.0,272.0,243.0,333.0
2025-11-15 03:00:00,358,0,0,3,0,0,375.0,361.0,322.0,238.0,327.0
2025-11-15 04:00:00,295,0,0,4,0,1,358.0,375.0,361.0,232.0,322.0
2025-11-15 05:00:00,323,0,0,5,0,0,295.0,358.0,375.0,187.0,299.0
2025-11-15 06:00:00,275,0,0,6,0,1,323.0,295.0,358.0,208.0,287.0
2025-11-15 07:00:00,297,0,0,7,0,0,275.0,323.0,295.0,144.0,307.0
2025-11-15 08:00:00,256,0,0,8,0,1,297.0,275.0,323.0,201.0,310.0
2025-11-15 09:00:00,351,0,0,9,0,0,256.0,297.0,275.0,207.0,322.0
2025-11-15 10:00:00,378,0,0,10,0,0,351.0,256.0,297.0,271.0,376.0
2025-11-15 11:00:00,379,0,0,11,0,0,378.0,351.0,256.0,235.0,343.0
2025-11-15 12:00:00,376,0,0,12,0,0,379.0,378.0,351.0,270.0,404.0
2025-11-15 13:00:00,382,0,0,13,0,0,376.0,379.0,378.0,203.0,361.0
2025-11-15 14:00:00,390,0,0,14,0,0,382.0,376.0,379.0,266.0,394.0
2025-11-15 15:00:00,341,0,0,15,0,0,390.0,382.0,376.0,211.0,367.0
2025-11-15 16:00:00,289,0,0,16,0,1,341.0,390.0,382.0,218.0,320.0
2025-11-15 17:00:00,309,0,0,17,0,0,289.0,341.0,390.0,230.0,304.0
2025-11-15 18:00:00,311,0,0,18,0,0,309.0,289.0,341.0,193.0,281.0
2025-11-15 19:00:00,270,0,0,19,0,1,311.0,309.0,289.0,200.0,320.0
2025-11-15 20:00:00,316,0,0,20,0,0,270.0,311.0,309.0,219.0,259.0
2025-11-15 21:00:00,335,0,0,21,0,0,316.0,270.0,311.0,218.0,359.0
2025-11-15 22:00:00,388,0,0,22,0,0,335.0,316.0,270.0,246.0,328.0
2025-11-15 23:00:00,403,0,0,23,0,0,388.0,335.0,316.0,272.0,326.0
2025-11-16 00:00:00,399,1,0,0,0,0,403.0,388.0,335.0,322.0,418.0
2025-11-16 01:00:00,379,1,0,1,0,0,399.0,403.0,388.0,361.0,397.0
2025-11-16 02:00:00,332,1,0,2,0,1,379.0,399.0,403.0,375.0,343.0
2025-11-16 03:00:00,326,1,0,3,0,1,332.0,379.0,399.0,358.0,355.0
2025-11-16 04:00:00,319,1,0,4,0,0,326.0,332.0,379.0,295.0,335.0
2025-11-16 05:00:00,317,1,0,5,0,0,319.0,326.0,332.0,323.0,312.0
2025-11-16 06:00:00,271,1,0,6,0,1,317.0,319.0,326.0,275.0,277.0
2025-11-16 07:00:00,304,1,0,7,0,0,271.0,317.0,319.0,297.0,313.0
2025-11-16 08:00:00,325,1,0,8,0,0,304.0,271.0,317.0,256.0,279.0
2025-11-16 09:00:00,348,1,0,9,0,0,325.0,304.0,271.0,351.0,302.0
2025-11-16 10:00:00,359,1,0,10,0,0,348.0,325.0,304.0,378.0,390.0
2025-11-16 11:00:00,386,1,0,11,0,0,359.0,348.0,325.0,379.0,401.0
2025-11-16 12:00:00,388,1,0,12,0,1,386.0,359.0,348.0,376.0,396.0
2025-11-16 13:00:00,382,1,0,13,0,0,388.0,386.0,359.0,382.0,374.0
2025-11-16 14:00:00,373,1,0,14,0,0,382.0,388.0,386.0,390.0,381.0
2025-11-16 15:00:00,367,1,0,15,0,0,373.0,382.0,388.0,341.0,360.0
2025-11-16 16:00:00,325,1,0,16,0,0,367.0,373.0,382.0,289.0,326.0
2025-11-16 17:00:00,266,1,0,17,0,1,325.0,367.0,373.0,309.0,260.0
2025-11-16 18:00:00,280,1,0,18,0,0,266.0,325.0,367.0,311.0,287.0
2025-11-16 19:00:00,306,1,0,19,0,0,280.0,266.0,325.0,270.0,255.0
2025-11-16 20:00:00,329,1,0,20,0,0,306.0,280.0,266.0,316.0,319.0
2025-11-16 21:00:00,359,1,0,21,0,0,329.0,306.0,280.0,335.0,352.0
2025-11-16 22:00:00,369,1,0,22,0,0,359.0,329.0,306.0,388.0,381.0
2025-11-16 23:00:00,364,1,0,23,0,1,369.0,359.0,329.0,403.0,342.0
2025-11-17 00:00:00,388,2,0,0,0,0,364.0,369.0,359.0,399.0,403.0
2025-11-17 01:00:00,358,2,0,1,0,1,388.0,364.0,369.0,379.0,403.0
2025-11-17 02:00:00,371,2,0,2,0,0,358.0,388.0,364.0,332.0,335.0
2025-11-17 03:00:00,356,2,0,3,0,0,371.0,358.0,388.0,326.0,352.0
2025-11-17 04:00:00,336,2,0,4,0,0,356.0,371.0,358.0,319.0,320.0
2025-11-17 05:00:00,319,2,0,5,0,0,336.0,356.0,371.0,317.0,308.0
2025-11-17 06:00:00,284,2,0,6,0,0,319.0,336.0,356.0,271.0,307.0
2025-11-17 07:00:00,255,2,0,7,1,0,284.0,319.0,336.0,304.0,295.0
2025-11-17 08:00:00,279,2,0,8,0,1,255.0,284.0,319.0,325.0,317.0
2025-11-17 09:00:00,330,2,0,9,0,0,279.0,255.0,284.0,348.0,321.0
2025-11-17 10:00:00,367,2,0,10,0,0,330.0,279.0,255.0,359.0,332.0
2025-11-17 11:00:00,372,2,0,11,0,0,367.0,330.0,279.0,386.0,404.0
2025-11-17 12:00:00,400,2,0,12,0,0,372.0,367.0,330.0,388.0,425.0
2025-11-17 13:00:00,399,2,0,13,0,0,400.0,372.0,367.0,382.0,410.0
2025-11-17 14:00:00,377,2,0,14,0,0,399.0,400.0,372.0,373.0,387.0
2025-11-17 15:00:00,360,2,0,15,0,0,377.0,399.0,400.0,367.0,355.0
2025-11-17 16:00:00,291,2,0,16,0,1,360.0,377.0,399.0,325.0,320.0
2025-11-17 17:00:00,306,2,0,17,0,0,291.0,360.0,377.0,266.0,304.0
2025-11-17 18:00:00,279,2,0,18,0,0,306.0,291.0,360.0,280.0,303.0
2025-11-17 19:00:00,301,2,0,19,0,0,279.0,306.0,291.0,306.0,291.0
2025-11-17 20:00:00,275,2,0,20,0,1,301.0,279.0,306.0,329.0,328.0
2025-11-17 21:00:00,337,2,0,21,0,0,275.0,301.0,279.0,359.0,330.0
2025-11-17 22:00:00,368,2,0,22,0,0,337.0,275.0,301.0,369.0,347.0
2025-11-17 23:00:00,392,2,0,23,0,0,368.0,337.0,275.0,364.0,339.0
2025-11-18 00:00:00,380,3,0,0,0,0,392.0,368.0,337.0,388.0,380.0
2025-11-18 01:00:00,377,3,0,1,0,0,380.0,392.0,368.0,358.0,380.0
2025-11-18 02:00:00,376,3,0,2,0,0,377.0,380.0,392.0,371.0,393.0
2025-11-18 03:00:00,360,3,0,3,0,0,376.0,377.0,380.0,356.0,352.0
2025-11-18 04:00:00,332,3,0,4,0,0,360.0,376.0,377.0,336.0,297.0
2025-11-18 05:00:00,317,3,0,5,0,0,332.0,360.0,376.0,319.0,320.0
2025-11-18 06:00:00,312,3,0,6,0,0,317.0,332.0,360.0,284.0,311.0
2025-11-18 07:00:00,306,3,0,7,0,0,312.0,317.0,332.0,255.0,264.0
2025-11-18 08:00:00,317,3,0,8,0,0,306.0,312.0,317.0,279.0,333.0
2025-11-18 09:00:00,330,3,0,9,0,0,317.0,306.0,312.0,330.0,347.0
2025-11-18 10:00:00,357,3,0,10,0,0,330.0,317.0,306.0,367.0,369.0
2025-11-18 11:00:00,306,3,0,11,1,0,357.0,330.0,317.0,372.0,395.0
2025-11-18 12:00:00,323,3,0,12,1,0,306.0,357.0,330.0,400.0,383.0
2025-11-18 13:00:00,399,3,0,13,0,0,323.0,306.0,357.0,399.0,347.0
2025-11-18 14:00:00,379,3,0,14,0,0,399.0,323.0,306.0,377.0,378.0
2025-11-18 15:00:00,352,3,0,15,0,0,379.0,399.0,323.0,360.0,361.0
2025-11-18 16:00:00,335,3,0,16,0,0,352.0,379.0,399.0,291.0,323.0
2025-11-18 17:00:00,308,3,0,17,0,0,335.0,352.0,379.0,306.0,304.0
2025-11-18 18:00:00,270,3,0,18,0,1,308.0,335.0,352.0,279.0,308.0
2025-11-18 19:00:00,244,3,0,19,1,0,270.0,308.0,335.0,301.0,257.0
2025-11-18 20:00:00,279,3,0,20,0,1,244.0,270.0,308.0,275.0,326.0
2025-11-18 21:00:00,330,3,0,21,0,0,279.0,244.0,270.0,337.0,357.0
2025-11-18 22:00:00,375,3,0,22,0,0,330.0,279.0,244.0,368.0,364.0
2025-11-18 23:00:00,395,3,0,23,0,0,375.0,330.0,279.0,392.0,308.0
2025-11-19 00:00:00,357,4,0,0,0,1,395.0,375.0,330.0,380.0,364.0
2025-11-19 01:00:00,391,4,0,1,0,0,357.0,395.0,375.0,377.0,392.0
2025-11-19 02:00:00,331,4,0,2,1,0,391.0,357.0,395.0,376.0,373.0
2025-11-19 03:00:00,309,4,0,3,0,1,331.0,391.0,357.0,360.0,338.0
2025-11-19 04:00:00,325,4,0,4,0,0,309.0,331.0,391.0,332.0,292.0
2025-11-19 05:00:00,309,4,0,5,0,0,325.0,309.0,331.0,317.0,294.0
2025-11-19 06:00:00,282,4,0,6,0,0,309.0,325.0,309.0,312.0,272.0
2025-11-19 07:00:00,301,4,0,7,0,0,282.0,309.0,325.0,306.0,292.0
2025-11-19 08:00:00,338,4,0,8,0,0,301.0,282.0,309.0,317.0,318.0
2025-11-19 09:00:00,285,4,0,9,1,0,338.0,301.0,282.0,330.0,357.0
2025-11-19 10:00:00,339,4,0,10,0,1,285.0,338.0,301.0,357.0,364.0
2025-11-19 11:00:00,397,4,0,11,0,0,339.0,285.0,338.0,306.0,384.0
2025-11-19 12:00:00,321,4,0,12,1,0,397.0,339.0,285.0,323.0,392.0
2025-11-19 13:00:00,408,4,0,13,0,0,321.0,397.0,339.0,399.0,394.0
2025-11-19 14:00:00,339,4,0,14,0,1,408.0,321.0,397.0,379.0,401.0
2025-11-19 15:00:00,349,4,0,15,0,0,339.0,408.0,321.0,352.0,340.0
2025-11-19 16:00:00,328,4,0,16,0,0,349.0,339.0,408.0,335.0,347.0
2025-11-19 17:00:00,317,4,0,17,0,0,328.0,349.0,339.0,308.0,294.0
2025-11-19 18:00:00,300,4,0,18,0,0,317.0,328.0,349.0,270.0,293.0
2025-11-19 19:00:00,308,4,0,19,0,0,300.0,317.0,328.0,244.0,310.0
2025-11-19 20:00:00,293,4,0,20,0,0,308.0,300.0,317.0,279.0,324.0
2025-11-19 21:00:00,356,4,0,21,0,0,293.0,308.0,300.0,330.0,345.0
2025-11-19 22:00:00,323,4,0,22,1,0,356.0,293.0,308.0,375.0,349.0
2025-11-19 23:00:00,406,4,0,23,0,0,323.0,356.0,293.0,395.0,316.0
2025-11-20 00:00:00,236,5,1,0,0,1,406.0,323.0,356.0,357.0,254.0
2025-11-20 01:00:00,254,5,1,1,0,0,236.0,406.0,323.0,391.0,268.0
2025-11-20 02:00:00,256,5,1,2,0,0,254.0,236.0,406.0,331.0,225.0
2025-11-20 03:00:00,224,5,1,3,0,0,256.0,254.0,236.0,309.0,238.0
2025-11-20 04:00:00,227,5,1,4,0,0,224.0,256.0,254.0,325.0,183.0
2025-11-20 05:00:00,198,5,1,5,0,0,227.0,224.0,256.0,309.0,198.0
2025-11-20 06:00:00,209,5,1,6,0,0,198.0,227.0,224.0,282.0,182.0
2025-11-20 07:00:00,196,5,1,7,0,1,209.0,198.0,227.0,301.0,192.0
2025-11-20 08:00:00,145,5,1,8,1,0,196.0,209.0,198.0,338.0,187.0
2025-11-20 09:00:00,232,5,1,9,0,0,145.0,196.0,209.0,285.0,235.0
2025-11-20 10:00:00,237,5,1,10,0,0,232.0,145.0,196.0,339.0,213.0
2025-11-20 11:00:00,217,5,1,11,0,1,237.0,232.0,145.0,397.0,254.0
2025-11-20 12:00:00,259,5,1,12,0,0,217.0,237.0,232.0,321.0,229.0
2025-11-20 13:00:00,261,5,1,13,0,0,259.0,217.0,237.0,408.0,252.0
2025-11-20 14:00:00,265,5,1,14,0,0,261.0,259.0,217.0,339.0,206.0
2025-11-20 15:00:00,218,5,1,15,0,0,265.0,261.0,259.0,349.0,241.0
2025-11-20 16:00:00,231,5,1,16,0,0,218.0,265.0,261.0,328.0,204.0
2025-11-20 17:00:00,228,5,1,17,0,0,231.0,218.0,265.0,317.0,199.0
2025-11-20 18:00:00,205,5,1,18,0,0,228.0,231.0,218.0,300.0,189.0
2025-11-20 19:00:00,187,5,1,19,0,1,205.0,228.0,231.0,308.0,190.0
2025-11-20 20:00:00,211,5,1,20,0,0,187.0,205.0,228.0,293.0,222.0
2025-11-20 21:00:00,191,5,1,21,0,1,211.0,187.0,205.0,356.0,220.0
2025-11-20 22:00:00,252,5,1,22,0,0,191.0,211.0,187.0,323.0,264.0
2025-11-20 23:00:00,265,5,1,23,0,0,252.0,191.0,211.0,406.0,276.0
2025-11-21 00:00:00,275,6,1,0,0,0,265.0,252.0,191.0,236.0,261.0
2025-11-21 01:00:00,295,6,1,1,0,0,275.0,265.0,252.0,254.0,235.0
2025-11-21 02:00:00,262,6,1,2,0,0,295.0,275.0,265.0,256.0,243.0
2025-11-21 03:00:00,241,6,1,3,0,0,262.0,295.0,275.0,224.0,238.0
2025-11-21 04:00:00,237,6,1,4,0,0,241.0,262.0,295.0,227.0,232.0
2025-11-21 05:00:00,188,6,1,5,0,0,237.0,241.0,262.0,198.0,187.0
2025-11-21 06:00:00,184,6,1,6,0,0,188.0,237.0,241.0,209.0,208.0
2025-11-21 07:00:00,195,6,1,7,0,0,184.0,188.0,237.0,196.0,144.0
2025-11-21 08:00:00,182,6,1,8,0,1,195.0,184.0,188.0,145.0,201.0
2025-11-21 09:00:00,236,6,1,9,0,0,182.0,195.0,184.0,232.0,207.0
2025-11-21 10:00:00,217,6,1,10,0,1,236.0,182.0,195.0,237.0,271.0
2025-11-21 11:00:00,255,6,1,11,0,1,217.0,236.0,182.0,217.0,235.0
2025-11-21 12:00:00,285,6,1,12,0,0,255.0,217.0,236.0,259.0,270.0
2025-11-21 13:00:00,273,6,1,13,0,0,285.0,255.0,217.0,261.0,203.0
2025-11-21 14:00:00,248,6,1,14,0,0,273.0,285.0,255.0,265.0,266.0
2025-11-21 15:00:00,243,6,1,15,0,0,248.0,273.0,285.0,218.0,211.0
2025-11-21 16:00:00,206,6,1,16,0,1,243.0,248.0,273.0,231.0,218.0
2025-11-21 17:00:00,171,6,1,17,0,1,206.0,243.0,248.0,228.0,230.0
2025-11-21 18:00:00,202,6,1,18,0,0,171.0,206.0,243.0,205.0,193.0
2025-11-21 19:00:00,188,6,1,19,0,1,202.0,171.0,206.0,187.0,200.0
2025-11-21 20:00:00,214,6,1,20,0,0,188.0,202.0,171.0,211.0,219.0
2025-11-21 21:00:00,247,6,1,21,0,0,214.0,188.0,202.0,191.0,218.0
2025-11-21 22:00:00,260,6,1,22,0,0,247.0,214.0,188.0,252.0,246.0
2025-11-21 23:00:00,250,6,1,23,0,0,260.0,247.0,214.0,265.0,272.0
2025-11-22 00:00:00,361,0,0,0,0,1,250.0,260.0,247.0,275.0,322.0
2025-11-22 01:00:00,386,0,0,1,0,0,361.0,250.0,260.0,295.0,361.0
2025-11-22 02:00:00,386,0,0,2,0,0,386.0,361.0,250.0,262.0,375.0
2025-11-22 03:00:00,308,0,0,3,0,1,386.0,386.0,361.0,241.0,358.0
2025-11-22 04:00:00,338,0,0,4,0,0,308.0,386.0,386.0,237.0,295.0
2025-11-22 05:00:00,280,0,0,5,0,1,338.0,308.0,386.0,188.0,323.0
2025-11-22 06:00:00,308,0,0,6,0,0,280.0,338.0,308.0,184.0,275.0
2025-11-22 07:00:00,268,0,0,7,0,1,308.0,280.0,338.0,195.0,297.0
2025-11-22 08:00:00,299,0,0,8,0,0,268.0,308.0,280.0,182.0,256.0
2025-11-22 09:00:00,363,0,0,9,0,0,299.0,268.0,308.0,236.0,351.0
2025-11-22 10:00:00,367,0,0,10,0,0,363.0,299.0,268.0,217.0,378.0
2025-11-22 11:00:00,407,0,0,11,0,0,367.0,363.0,299.0,255.0,379.0
2025-11-22 12:00:00,405,0,0,12,0,0,407.0,367.0,363.0,285.0,376.0
2025-11-22 13:00:00,404,0,0,13,0,0,405.0,407.0,367.0,273.0,382.0
2025-11-22 14:00:00,363,0,0,14,0,1,404.0,405.0,407.0,248.0,390.0
2025-11-22 15:00:00,358,0,0,15,0,0,363.0,404.0,405.0,243.0,341.0
2025-11-22 16:00:00,344,0,0,16,0,0,358.0,363.0,404.0,206.0,289.0
2025-11-22 17:00:00,258,0,0,17,0,1,344.0,358.0,363.0,171.0,309.0
2025-11-22 18:00:00,247,0,0,18,1,0,258.0,344.0,358.0,202.0,311.0
2025-11-22 19:00:00,267,0,0,19,0,1,247.0,258.0,344.0,188.0,270.0
2025-11-22 20:00:00,315,0,0,20,0,0,267.0,247.0,258.0,214.0,316.0
2025-11-22 21:00:00,342,0,0,21,0,0,315.0,267.0,247.0,247.0,335.0
2025-11-22 22:00:00,373,0,0,22,0,0,342.0,315.0,267.0,260.0,388.0
2025-11-22 23:00:00,410,0,0,23,0,0,373.0,342.0,315.0,250.0,403.0
2025-11-23 00:00:00,378,1,0,0,0,0,410.0,373.0,342.0,361.0,399.0
2025-11-23 01:00:00,397,1,0,1,0,0,378.0,410.0,373.0,386.0,379.0
2025-11-23 02:00:00,371,1,0,2,0,0,397.0,378.0,410.0,386.0,332.0
2025-11-23 03:00:00,368,1,0,3,0,0,371.0,397.0,378.0,308.0,326.0
2025-11-23 04:00:00,322,1,0,4,0,0,368.0,371.0,397.0,338.0,319.0
2025-11-23 05:00:00,311,1,0,5,0,0,322.0,368.0,371.0,280.0,317.0
2025-11-23 06:00:00,291,1,0,6,0,0,311.0,322.0,368.0,308.0,271.0
2025-11-23 07:00:00,308,1,0,7,0,0,291.0,311.0,322.0,268.0,304.0
2025-11-23 08:00:00,329,1,0,8,0,0,308.0,291.0,311.0,299.0,325.0
2025-11-23 09:00:00,303,1,0,9,0,1,329.0,308.0,291.0,363.0,348.0
2025-11-23 10:00:00,369,1,0,10,0,0,303.0,329.0,308.0,367.0,359.0
2025-11-23 11:00:00,373,1,0,11,0,0,369.0,303.0,329.0,407.0,386.0
2025-11-23 12:00:00,324,1,0,12,1,0,373.0,369.0,303.0,405.0,388.0
2025-11-23 13:00:00,327,1,0,13,1,0,324.0,373.0,369.0,404.0,382.0
2025-11-23 14:00:00,373,1,0,14,0,0,327.0,324.0,373.0,363.0,373.0
2025-11-23 15:00:00,367,1,0,15,0,0,373.0,327.0,324.0,358.0,367.0
2025-11-23 16:00:00,302,1,0,16,0,0,367.0,373.0,327.0,344.0,325.0
2025-11-23 17:00:00,284,1,0,17,0,0,302.0,367.0,373.0,258.0,266.0
2025-11-23 18:00:00,279,1,0,18,0,0,284.0,302.0,367.0,247.0,280.0
2025-11-23 19:00:00,294,1,0,19,0,0,279.0,284.0,302.0,267.0,306.0
2025-11-23 20:00:00,317,1,0,20,0,0,294.0,279.0,284.0,315.0,329.0
2025-11-23 21:00:00,273,1,0,21,1,0,317.0,294.0,279.0,342.0,359.0
2025-11-23 22:00:00,331,1,0,22,0,1,273.0,317.0,294.0,373.0,369.0
2025-11-23 23:00:00,399,1,0,23,0,0,331.0,273.0,317.0,410.0,364.0
2025-11-24 00:00:00,394,2,0,0,0,0,399.0,331.0,273.0,378.0,388.0
2025-11-24 01:00:00,381,2,0,1,0,0,394.0,399.0,331.0,397.0,358.0
2025-11-24 02:00:00,364,2,0,2,0,0,381.0,394.0,399.0,371.0,371.0
2025-11-24 03:00:00,379,2,0,3,0,0,364.0,381.0,394.0,368.0,356.0
2025-11-24 04:00:00,299,2,0,4,0,0,379.0,364.0,381.0,322.0,336.0
2025-11-24 05:00:00,304,2,0,5,0,0,299.0,379.0,364.0,311.0,319.0
2025-11-24 06:00:00,314,2,0,6,0,0,304.0,299.0,379.0,291.0,284.0
2025-11-24 07:00:00,306,2,0,7,0,0,314.0,304.0,299.0,308.0,255.0
2025-11-24 08:00:00,307,2,0,8,0,0,306.0,314.0,304.0,329.0,279.0
2025-11-24 09:00:00,342,2,0,9,0,0,307.0,306.0,314.0,303.0,330.0
2025-11-24 10:00:00,342,2,0,10,0,1,342.0,307.0,306.0,369.0,367.0
2025-11-24 11:00:00,404,2,0,11,0,0,342.0,342.0,307.0,373.0,372.0
2025-11-24 12:00:00,389,2,0,12,0,0,404.0,342.0,342.0,324.0,400.0
2025-11-24 13:00:00,405,2,0,13,0,0,389.0,404.0,342.0,327.0,399.0
2025-11-24 14:00:00,382,2,0,14,0,0,405.0,389.0,404.0,373.0,377.0
2025-11-24 15:00:00,367,2,0,15,0,0,382.0,405.0,389.0,367.0,360.0
2025-11-24 16:00:00,311,2,0,16,0,1,367.0,382.0,405.0,302.0,291.0
2025-11-24 17:00:00,302,2,0,17,0,0,311.0,367.0,382.0,284.0,306.0
2025-11-24 18:00:00,279,2,0,18,0,0,302.0,311.0,367.0,279.0,279.0
2025-11-24 19:00:00,305,2,0,19,0,0,279.0,302.0,311.0,294.0,301.0
2025-11-24 20:00:00,338,2,0,20,0,0,305.0,279.0,302.0,317.0,275.0
2025-11-24 21:00:00,350,2,0,21,0,0,338.0,305.0,279.0,273.0,337.0
2025-11-24 22:00:00,372,2,0,22,0,0,350.0,338.0,305.0,331.0,368.0
2025-11-24 23:00:00,419,2,0,23,0,0,372.0,350.0,338.0,399.0,392.0
2025-11-25 00:00:00,387,3,0,0,0,0,419.0,372.0,350.0,394.0,380.0
2025-11-25 01:00:00,407,3,0,1,0,0,387.0,419.0,372.0,381.0,377.0
2025-11-25 02:00:00,334,3,0,2,0,1,407.0,387.0,419.0,364.0,376.0
2025-11-25 03:00:00,355,3,0,3,0,0,334.0,407.0,387.0,379.0,360.0
2025-11-25 04:00:00,328,3,0,4,0,0,355.0,334.0,407.0,299.0,332.0
2025-11-25 05:00:00,263,3,0,5,1,0,328.0,355.0,334.0,304.0,317.0
2025-11-25 06:00:00,285,3,0,6,0,0,263.0,328.0,355.0,314.0,312.0
2025-11-25 07:00:00,264,3,0,7,0,1,285.0,263.0,328.0,306.0,306.0
2025-11-25 08:00:00,298,3,0,8,0,0,264.0,285.0,263.0,307.0,317.0
2025-11-25 09:00:00,348,3,0,9,0,0,298.0,264.0,285.0,342.0,330.0
2025-11-25 10:00:00,363,3,0,10,0,0,348.0,298.0,264.0,342.0,357.0
2025-11-25 11:00:00,317,3,0,11,1,0,363.0,348.0,298.0,404.0,306.0
2025-11-25 12:00:00,387,3,0,12,0,0,317.0,363.0,348.0,389.0,323.0
2025-11-25 13:00:00,392,3,0,13,0,0,387.0,317.0,363.0,405.0,399.0
2025-11-25 14:00:00,392,3,0,14,0,0,392.0,387.0,317.0,382.0,379.0
2025-11-25 15:00:00,352,3,0,15,0,0,392.0,392.0,387.0,367.0,352.0
2025-11-25 16:00:00,335,3,0,16,0,0,352.0,392.0,392.0,311.0,335.0
2025-11-25 17:00:00,312,3,0,17,0,0,335.0,352.0,392.0,302.0,308.0
2025-11-25 18:00:00,292,3,0,18,0,0,312.0,335.0,352.0,279.0,270.0
2025-11-25 19:00:00,221,3,0,19,1,0,292.0,312.0,335.0,305.0,244.0
2025-11-25 20:00:00,329,3,0,20,0,0,221.0,292.0,312.0,338.0,279.0
2025-11-25 21:00:00,344,3,0,21,0,0,329.0,221.0,292.0,350.0,330.0
2025-11-25 22:00:00,381,3,0,22,0,0,344.0,329.0,221.0,372.0,375.0
2025-11-25 23:00:00,366,3,0,23,0,0,381.0,344.0,329.0,419.0,395.0
2025-11-26 00:00:00,340,4,0,0,0,1,366.0,381.0,344.0,387.0,357.0
2025-11-26 01:00:00,370,4,0,1,0,0,340.0,366.0,381.0,407.0,391.0
2025-11-26 02:00:00,369,4,0,2,0,0,370.0,340.0,366.0,334.0,331.0
2025-11-26 03:00:00,367,4,0,3,0,0,369.0,370.0,340.0,355.0,309.0
2025-11-26 04:00:00,301,4,0,4,0,1,367.0,369.0,370.0,328.0,325.0
2025-11-26 05:00:00,306,4,0,5,0,0,301.0,367.0,369.0,263.0,309.0
2025-11-26 06:00:00,298,4,0,6,0,0,306.0,301.0,367.0,285.0,282.0
2025-11-26 07:00:00,309,4,0,7,0,0,298.0,306.0,301.0,264.0,301.0
2025-11-26 08:00:00,282,4,0,8,0,1,309.0,298.0,306.0,298.0,338.0
2025-11-26 09:00:00,347,4,0,9,0,0,282.0,309.0,298.0,348.0,285.0
2025-11-26 10:00:00,334,4,0,10,0,1,347.0,282.0,309.0,363.0,339.0
2025-11-26 11:00:00,364,4,0,11,0,0,334.0,347.0,282.0,317.0,397.0
2025-11-26 12:00:00,355,4,0,12,0,1,364.0,334.0,347.0,387.0,321.0
2025-11-26 13:00:00,412,4,0,13,0,0,355.0,364.0,334.0,392.0,408.0
2025-11-26 14:00:00,374,4,0,14,0,0,412.0,355.0,364.0,392.0,339.0
2025-11-26 15:00:00,317,4,0,15,0,1,374.0,412.0,355.0,352.0,349.0
2025-11-26 16:00:00,320,4,0,16,0,0,317.0,374.0,412.0,335.0,328.0
2025-11-26 17:00:00,300,4,0,17,0,0,320.0,317.0,374.0,312.0,317.0
2025-11-26 18:00:00,310,4,0,18,0,0,300.0,320.0,317.0,292.0,300.0
2025-11-26 19:00:00,297,4,0,19,0,0,310.0,300.0,320.0,221.0,308.0
2025-11-26 20:00:00,305,4,0,20,0,0,297.0,310.0,300.0,329.0,293.0
2025-11-26 21:00:00,305,4,0,21,0,0,305.0,297.0,310.0,344.0,356.0
2025-11-26 22:00:00,325,4,0,22,0,1,305.0,305.0,297.0,381.0,323.0
2025-11-26 23:00:00,366,4,0,23,0,0,325.0,305.0,305.0,366.0,406.0
2025-11-27 00:00:00,245,5,1,0,0,0,366.0,325.0,305.0,340.0,236.0
2025-11-27 01:00:00,274,5,1,1,0,0,245.0,366.0,325.0,370.0,254.0
2025-11-27 02:00:00,261,5,1,2,0,0,274.0,245.0,366.0,369.0,256.0
2025-11-27 03:00:00,213,5,1,3,0,0,261.0,274.0,245.0,367.0,224.0
2025-11-27 04:00:00,207,5,1,4,0,1,213.0,261.0,274.0,301.0,227.0
2025-11-27 05:00:00,210,5,1,5,0,0,207.0,213.0,261.0,306.0,198.0
2025-11-27 06:00:00,188,5,1,6,0,0,210.0,207.0,213.0,298.0,209.0
2025-11-27 07:00:00,209,5,1,7,0,0,188.0,210.0,207.0,309.0,196.0
2025-11-27 08:00:00,192,5,1,8,0,0,209.0,188.0,210.0,282.0,145.0
2025-11-27 09:00:00,214,5,1,9,0,0,192.0,209.0,188.0,347.0,232.0
2025-11-27 10:00:00,229,5,1,10,0,0,214.0,192.0,209.0,334.0,237.0
2025-11-27 11:00:00,247,5,1,11,0,0,229.0,214.0,192.0,364.0,217.0
2025-11-27 12:00:00,277,5,1,12,0,0,247.0,229.0,214.0,355.0,259.0
2025-11-27 13:00:00,248,5,1,13,0,0,277.0,247.0,229.0,412.0,261.0
2025-11-27 14:00:00,239,5,1,14,0,0,248.0,277.0,247.0,374.0,265.0
2025-11-27 15:00:00,225,5,1,15,0,0,239.0,248.0,277.0,317.0,218.0
2025-11-27 16:00:00,220,5,1,16,0,0,225.0,239.0,248.0,320.0,231.0
2025-11-27 17:00:00,200,5,1,17,0,0,220.0,225.0,239.0,300.0,228.0
2025-11-27 18:00:00,208,5,1,18,0,0,200.0,220.0,225.0,310.0,205.0
2025-11-27 19:00:00,171,5,1,19,0,1,208.0,200.0,220.0,297.0,187.0
2025-11-27 20:00:00,196,5,1,20,0,0,171.0,208.0,200.0,305.0,211.0
2025-11-27 21:00:00,222,5,1,21,0,0,196.0,171.0,208.0,305.0,191.0
2025-11-27 22:00:00,246,5,1,22,0,0,222.0,196.0,171.0,325.0,252.0
2025-11-27 23:00:00,197,5,1,23,1,0,246.0,222.0,196.0,366.0,265.0
2025-11-28 00:00:00,270,6,1,0,0,0,197.0,246.0,222.0,245.0,275.0
2025-11-28 01:00:00,286,6,1,1,0,0,270.0,197.0,246.0,274.0,295.0
2025-11-28 02:00:00,246,6,1,2,0,0,286.0,270.0,197.0,261.0,262.0
2025-11-28 03:00:00,213,6,1,3,0,1,246.0,286.0,270.0,213.0,241.0
2025-11-28 04:00:00,234,6,1,4,0,0,213.0,246.0,286.0,207.0,237.0
2025-11-28 05:00:00,196,6,1,5,0,0,234.0,213.0,246.0,210.0,188.0
2025-11-28 06:00:00,167,6,1,6,0,1,196.0,234.0,213.0,188.0,184.0
2025-11-28 07:00:00,167,6,1,7,0,1,167.0,196.0,234.0,209.0,195.0
2025-11-28 08:00:00,216,6,1,8,0,0,167.0,167.0,196.0,192.0,182.0
2025-11-28 09:00:00,234,6,1,9,0,0,216.0,167.0,167.0,214.0,236.0
2025-11-28 10:00:00,195,6,1,10,1,0,234.0,216.0,167.0,229.0,217.0
2025-11-28 11:00:00,260,6,1,11,0,0,195.0,234.0,216.0,247.0,255.0
2025-11-28 12:00:00,282,6,1,12,0,0,260.0,195.0,234.0,277.0,285.0
2025-11-28 13:00:00,274,6,1,13,0,0,282.0,260.0,195.0,248.0,273.0
2025-11-28 14:00:00,236,6,1,14,0,0,274.0,282.0,260.0,239.0,248.0
2025-11-28 15:00:00,212,6,1,15,0,1,236.0,274.0,282.0,225.0,243.0
2025-11-28 16:00:00,219,6,1,16,0,0,212.0,236.0,274.0,220.0,206.0
2025-11-28 17:00:00,212,6,1,17,0,0,219.0,212.0,236.0,200.0,171.0
2025-11-28 18:00:00,194,6,1,18,0,0,212.0,219.0,212.0,208.0,202.0
2025-11-28 19:00:00,192,6,1,19,0,0,194.0,212.0,219.0,171.0,188.0
2025-11-28 20:00:00,163,6,1,20,1,0,192.0,194.0,212.0,196.0,214.0
2025-11-28 21:00:00,206,6,1,21,0,0,163.0,192.0,194.0,222.0,247.0
2025-11-28 22:00:00,245,6,1,22,0,0,206.0,163.0,192.0,246.0,260.0
2025-11-28 23:00:00,253,6,1,23,0,0,245.0,206.0,163.0,197.0,250.0
2025-11-29 00:00:00,325,0,0,0,1,0,253.0,245.0,206.0,270.0,361.0
2025-11-29 01:00:00,383,0,0,1,0,0,325.0,253.0,245.0,286.0,386.0
2025-11-29 02:00:00,336,0,0,2,0,1,383.0,325.0,253.0,246.0,386.0
2025-11-29 03:00:00,342,0,0,3,0,0,336.0,383.0,325.0,213.0,308.0
2025-11-29 04:00:00,314,0,0,4,0,0,342.0,336.0,383.0,234.0,338.0
2025-11-29 05:00:00,253,0,0,5,1,0,314.0,342.0,336.0,196.0,280.0
2025-11-29 06:00:00,290,0,0,6,0,0,253.0,314.0,342.0,167.0,308.0
2025-11-29 07:00:00,305,0,0,7,0,0,290.0,253.0,314.0,167.0,268.0
2025-11-29 08:00:00,303,0,0,8,0,0,305.0,290.0,253.0,216.0,299.0
2025-11-29 09:00:00,343,0,0,9,0,0,303.0,305.0,290.0,234.0,363.0
2025-11-29 10:00:00,348,0,0,10,0,0,343.0,303.0,305.0,195.0,367.0
2025-11-29 11:00:00,384,0,0,11,0,0,348.0,343.0,303.0,260.0,407.0
2025-11-29 12:00:00,353,0,0,12,0,1,384.0,348.0,343.0,282.0,405.0
2025-11-29 13:00:00,403,0,0,13,0,0,353.0,384.0,348.0,274.0,404.0
2025-11-29 14:00:00,381,0,0,14,0,0,403.0,353.0,384.0,236.0,363.0
2025-11-29 15:00:00,316,0,0,15,0,1,381.0,403.0,353.0,212.0,358.0
2025-11-29 16:00:00,337,0,0,16,0,0,316.0,381.0,403.0,219.0,344.0
2025-11-29 17:00:00,308,0,0,17,0,0,337.0,316.0,381.0,212.0,258.0
2025-11-29 18:00:00,243,0,0,18,1,0,308.0,337.0,316.0,194.0,247.0
2025-11-29 19:00:00,309,0,0,19,0,0,243.0,308.0,337.0,192.0,267.0
2025-11-29 20:00:00,316,0,0,20,0,0,309.0,243.0,308.0,163.0,315.0
2025-11-29 21:00:00,338,0,0,21,0,0,316.0,309.0,243.0,206.0,342.0
2025-11-29 22:00:00,372,0,0,22,0,0,338.0,316.0,309.0,245.0,373.0
2025-11-29 23:00:00,345,0,0,23,0,1,372.0,338.0,316.0,253.0,410.0
2025-11-30 00:00:00,404,1,0,0,0,0,345.0,372.0,338.0,325.0,378.0
2025-11-30 01:00:00,409,1,0,1,0,0,404.0,345.0,372.0,383.0,397.0
2025-11-30 02:00:00,389,1,0,2,0,0,409.0,404.0,345.0,336.0,371.0
2025-11-30 03:00:00,349,1,0,3,0,0,389.0,409.0,404.0,342.0,368.0
2025-11-30 04:00:00,311,1,0,4,0,0,349.0,389.0,409.0,314.0,322.0
2025-11-30 05:00:00,305,1,0,5,0,0,311.0,349.0,389.0,253.0,311.0
2025-11-30 06:00:00,264,1,0,6,0,1,305.0,311.0,349.0,290.0,291.0
2025-11-30 07:00:00,313,1,0,7,0,0,264.0,305.0,311.0,305.0,308.0
2025-11-30 08:00:00,312,1,0,8,0,0,313.0,264.0,305.0,303.0,329.0
2025-11-30 09:00:00,339,1,0,9,0,0,312.0,313.0,264.0,343.0,303.0
2025-11-30 10:00:00,303,1,0,10,1,0,339.0,312.0,313.0,348.0,369.0
2025-11-30 11:00:00,345,1,0,11,0,1,303.0,339.0,312.0,384.0,373.0
2025-11-30 12:00:00,357,1,0,12,0,1,345.0,303.0,339.0,353.0,324.0
2025-11-30 13:00:00,376,1,0,13,0,1,357.0,345.0,303.0,403.0,327.0
2025-11-30 14:00:00,396,1,0,14,0,0,376.0,357.0,345.0,381.0,373.0
2025-11-30 15:00:00,361,1,0,15,0,0,396.0,376.0,357.0,316.0,367.0
2025-11-30 16:00:00,330,1,0,16,0,0,361.0,396.0,376.0,337.0,302.0
2025-11-30 17:00:00,294,1,0,17,0,0,330.0,361.0,396.0,308.0,284.0
2025-11-30 18:00:00,302,1,0,18,0,0,294.0,330.0,361.0,243.0,279.0
2025-11-30 19:00:00,300,1,0,19,0,0,302.0,294.0,330.0,309.0,294.0
2025-11-30 20:00:00,287,1,0,20,0,1,300.0,302.0,294.0,316.0,317.0
2025-11-30 21:00:00,335,1,0,21,0,0,287.0,300.0,302.0,338.0,273.0
2025-11-30 22:00:00,331,1,0,22,0,1,335.0,287.0,300.0,372.0,331.0
2025-11-30 23:00:00,348,1,0,23,0,1,331.0,335.0,287.0,345.0,399.0
